unit,class,channel,band,side,window_mean_pct,peak_erd_pct,peak_latency_s
S1,left_hand,C3,mu,ipsilateral,-12.9695,-24.923,2.404
S1,left_hand,C3,beta,ipsilateral,4.13684,-3.2469,0.708
S1,left_hand,C4,mu,contralateral,-19.2026,-29.9263,0.708
S1,left_hand,C4,beta,contralateral,-4.69023,-15.6065,3.86
S1,right_hand,C3,mu,contralateral,-24.6606,-38.9411,0.74
S1,right_hand,C3,beta,contralateral,-6.22248,-15.7847,1.188
S1,right_hand,C4,mu,ipsilateral,-16.7745,-31.5199,0.74
S1,right_hand,C4,beta,ipsilateral,-5.36339,-17.5871,1.588
S2,left_hand,C3,mu,ipsilateral,22.1901,-51.8603,0.388
S2,left_hand,C3,beta,ipsilateral,11.3029,-15.3485,0.548
S2,left_hand,C4,mu,contralateral,23.6577,-49.155,0.356
S2,left_hand,C4,beta,contralateral,7.82295,-18.1171,0.564
S2,right_hand,C3,mu,contralateral,3.93437,-57.2302,0.516
S2,right_hand,C3,beta,contralateral,-3.75378,-17.1538,0.532
S2,right_hand,C4,mu,ipsilateral,9.86306,-48.4773,0.388
S2,right_hand,C4,beta,ipsilateral,-0.932703,-18.1427,0.532
S3,left_hand,C3,mu,ipsilateral,-40.0589,-52.4617,0.628
S3,left_hand,C3,beta,ipsilateral,-12.5443,-20.7441,0.548
S3,left_hand,C4,mu,contralateral,-37.3607,-50.0006,0.644
S3,left_hand,C4,beta,contralateral,-7.52589,-21.336,0.548
S3,right_hand,C3,mu,contralateral,-63.5455,-73.1997,0.804
S3,right_hand,C3,beta,contralateral,-19.4714,-26.191,2.084
S3,right_hand,C4,mu,ipsilateral,-19.8043,-35.4767,0.612
S3,right_hand,C4,beta,ipsilateral,-4.23323,-11.4967,0.548
S4,left_hand,C3,mu,ipsilateral,-5.3796,-20.3823,0.004
S4,left_hand,C3,beta,ipsilateral,-10.3928,-27.017,0.5
S4,left_hand,C4,mu,contralateral,-6.74243,-26.6452,0.004
S4,left_hand,C4,beta,contralateral,0.452202,-21.2662,0.484
S4,right_hand,C3,mu,contralateral,-12.0658,-29.5617,0.964
S4,right_hand,C3,beta,contralateral,-12.3218,-39.1438,0.42
S4,right_hand,C4,mu,ipsilateral,-0.631927,-20.0002,1.796
S4,right_hand,C4,beta,ipsilateral,7.4272,-14.8632,0.484
S5,left_hand,C3,mu,ipsilateral,-19.2976,-34.4758,0.82
S5,left_hand,C3,beta,ipsilateral,-7.40998,-15.2079,0.756
S5,left_hand,C4,mu,contralateral,-16.1665,-28.5912,0.788
S5,left_hand,C4,beta,contralateral,-7.4145,-17.3283,0.788
S5,right_hand,C3,mu,contralateral,-7.71557,-18.8903,1.476
S5,right_hand,C3,beta,contralateral,-4.99043,-15.0156,1.508
S5,right_hand,C4,mu,ipsilateral,1.33224,-8.52613,3.572
S5,right_hand,C4,beta,ipsilateral,-0.584792,-17.4415,0.644
S6,left_hand,C3,mu,ipsilateral,13.2579,-8.97899,0.772
S6,left_hand,C3,beta,ipsilateral,-1.99021,-12.0252,1.172
S6,left_hand,C4,mu,contralateral,-8.12726,-33.4707,0.788
S6,left_hand,C4,beta,contralateral,-15.3408,-31.5802,0.772
S6,right_hand,C3,mu,contralateral,1.40095,-21.4239,0.708
S6,right_hand,C3,beta,contralateral,-10.0613,-19.1031,2.628
S6,right_hand,C4,mu,ipsilateral,-2.09626,-20.0235,0.868
S6,right_hand,C4,beta,ipsilateral,-5.55241,-16.1187,2.548
S7,left_hand,C3,mu,ipsilateral,-19.7515,-42.0307,1.764
S7,left_hand,C3,beta,ipsilateral,-31.7491,-44.3795,1.524
S7,left_hand,C4,mu,contralateral,-21.3769,-39.602,1.828
S7,left_hand,C4,beta,contralateral,-26.0834,-37.9418,1.54
S7,right_hand,C3,mu,contralateral,-32.2886,-47.4038,1.956
S7,right_hand,C3,beta,contralateral,-34.2922,-47.5232,1.812
S7,right_hand,C4,mu,ipsilateral,-34.0862,-46.8773,1.588
S7,right_hand,C4,beta,ipsilateral,-24.7305,-36.8282,3.412
S8,left_hand,C3,mu,ipsilateral,-6.34226,-29.8989,1.54
S8,left_hand,C3,beta,ipsilateral,5.1005,-7.05686,0.292
S8,left_hand,C4,mu,contralateral,-15.2351,-26.9382,1.396
S8,left_hand,C4,beta,contralateral,1.93762,-11.8844,0.308
S8,right_hand,C3,mu,contralateral,-1.20327,-36.782,0.98
S8,right_hand,C3,beta,contralateral,-4.85373,-19.3474,1.46
S8,right_hand,C4,mu,ipsilateral,-20.3787,-39.9965,0.82
S8,right_hand,C4,beta,ipsilateral,-4.47651,-21.6402,0.276
S9,left_hand,C3,mu,ipsilateral,-51.5674,-68.0584,1.588
S9,left_hand,C3,beta,ipsilateral,-45.9558,-57.607,1.524
S9,left_hand,C4,mu,contralateral,-54.416,-67.5533,1.556
S9,left_hand,C4,beta,contralateral,-44.0338,-55.2925,1.524
S9,right_hand,C3,mu,contralateral,-25.056,-55.8677,0.692
S9,right_hand,C3,beta,contralateral,-25.8341,-43.9567,0.628
S9,right_hand,C4,mu,ipsilateral,-17.4457,-32.1988,2.42
S9,right_hand,C4,beta,ipsilateral,-11.9397,-22.518,2.804
