channel,left_log_var_uv2,right_log_var_uv2,left_minus_right
Fz,3.37982,3.33262,0.0471986
FC3,3.29384,3.21962,0.0742269
FC1,3.4218,3.35839,0.0634178
FCz,3.48377,3.43693,0.046836
FC2,3.41533,3.3965,0.0188256
FC4,3.36129,3.33917,0.0221142
C5,2.95999,2.95009,0.00990191
C3,3.20665,3.14016,0.0664867
C1,3.32479,3.28037,0.0444185
Cz,3.41971,3.39179,0.0279155
C2,3.34938,3.34511,0.00426889
C4,3.29757,3.30876,-0.0111882
C6,3.193,3.20789,-0.0148875
CP3,3.28339,3.17467,0.108711
CP1,3.2959,3.2431,0.0527996
CPz,3.35339,3.33625,0.0171371
CP2,3.30568,3.32295,-0.0172632
CP4,3.3028,3.36531,-0.062509
P1,3.34082,3.25883,0.0819957
Pz,3.3679,3.34942,0.01848
P2,3.33007,3.37745,-0.0473842
POz,3.44609,3.4321,0.0139839
