time_s,class,channel,band,percent_change
-0.988,left_hand,C3,mu,-11.5029
-0.972,left_hand,C3,mu,-10.9673
-0.956,left_hand,C3,mu,-10.4825
-0.94,left_hand,C3,mu,-9.93365
-0.924,left_hand,C3,mu,-9.22212
-0.908,left_hand,C3,mu,-8.28392
-0.892,left_hand,C3,mu,-7.10548
-0.876,left_hand,C3,mu,-5.73541
-0.86,left_hand,C3,mu,-4.28754
-0.844,left_hand,C3,mu,-2.9284
-0.828,left_hand,C3,mu,-1.84477
-0.812,left_hand,C3,mu,-1.19521
-0.796,left_hand,C3,mu,-1.05771
-0.78,left_hand,C3,mu,-1.39137
-0.764,left_hand,C3,mu,-2.02838
-0.748,left_hand,C3,mu,-2.7041
-0.732,left_hand,C3,mu,-3.11988
-0.716,left_hand,C3,mu,-3.02131
-0.7,left_hand,C3,mu,-2.26798
-0.684,left_hand,C3,mu,-0.872937
-0.668,left_hand,C3,mu,1.00033
-0.652,left_hand,C3,mu,3.08165
-0.636,left_hand,C3,mu,5.06408
-0.62,left_hand,C3,mu,6.67796
-0.604,left_hand,C3,mu,7.74681
-0.588,left_hand,C3,mu,8.21107
-0.572,left_hand,C3,mu,8.11823
-0.556,left_hand,C3,mu,7.59003
-0.54,left_hand,C3,mu,6.78353
-0.524,left_hand,C3,mu,5.8599
-0.508,left_hand,C3,mu,4.96538
-0.492,left_hand,C3,mu,4.21938
-0.476,left_hand,C3,mu,3.70181
-0.46,left_hand,C3,mu,3.43732
-0.444,left_hand,C3,mu,3.38296
-0.428,left_hand,C3,mu,3.43114
-0.412,left_hand,C3,mu,3.43614
-0.396,left_hand,C3,mu,3.26081
-0.38,left_hand,C3,mu,2.82791
-0.364,left_hand,C3,mu,2.15457
-0.348,left_hand,C3,mu,1.35363
-0.332,left_hand,C3,mu,0.598378
-0.316,left_hand,C3,mu,0.0626748
-0.3,left_hand,C3,mu,-0.141572
-0.284,left_hand,C3,mu,-0.00703527
-0.268,left_hand,C3,mu,0.360579
-0.252,left_hand,C3,mu,0.769509
-0.236,left_hand,C3,mu,0.99401
-0.22,left_hand,C3,mu,0.835351
-0.204,left_hand,C3,mu,0.176255
-0.188,left_hand,C3,mu,-0.982493
-0.172,left_hand,C3,mu,-2.50976
-0.156,left_hand,C3,mu,-4.15913
-0.14,left_hand,C3,mu,-5.61102
-0.124,left_hand,C3,mu,-6.53659
-0.108,left_hand,C3,mu,-6.67153
-0.092,left_hand,C3,mu,-5.88133
-0.076,left_hand,C3,mu,-4.19887
-0.06,left_hand,C3,mu,-1.82023
-0.044,left_hand,C3,mu,0.942734
-0.028,left_hand,C3,mu,3.74015
-0.012,left_hand,C3,mu,6.26785
0.004,left_hand,C3,mu,8.3298
0.02,left_hand,C3,mu,9.85921
0.036,left_hand,C3,mu,10.8946
0.052,left_hand,C3,mu,11.5256
0.068,left_hand,C3,mu,11.8363
0.084,left_hand,C3,mu,11.874
0.1,left_hand,C3,mu,11.6563
0.116,left_hand,C3,mu,11.2094
0.132,left_hand,C3,mu,10.6099
0.148,left_hand,C3,mu,10.0029
0.164,left_hand,C3,mu,9.58016
0.18,left_hand,C3,mu,9.52745
0.196,left_hand,C3,mu,9.96583
0.212,left_hand,C3,mu,10.9158
0.228,left_hand,C3,mu,12.3009
0.244,left_hand,C3,mu,13.9859
0.26,left_hand,C3,mu,15.831
0.276,left_hand,C3,mu,17.7339
0.292,left_hand,C3,mu,19.6442
0.308,left_hand,C3,mu,21.5461
0.324,left_hand,C3,mu,23.4195
0.34,left_hand,C3,mu,25.2004
0.356,left_hand,C3,mu,26.7582
0.372,left_hand,C3,mu,27.9006
0.388,left_hand,C3,mu,28.4057
0.404,left_hand,C3,mu,28.0723
0.42,left_hand,C3,mu,26.7727
0.436,left_hand,C3,mu,24.4933
0.452,left_hand,C3,mu,21.3529
0.468,left_hand,C3,mu,17.593
0.484,left_hand,C3,mu,13.5401
0.5,left_hand,C3,mu,9.54928
0.516,left_hand,C3,mu,5.93716
0.532,left_hand,C3,mu,2.92114
0.548,left_hand,C3,mu,0.579583
0.564,left_hand,C3,mu,-1.15451
0.58,left_hand,C3,mu,-2.46279
0.596,left_hand,C3,mu,-3.58207
0.612,left_hand,C3,mu,-4.73475
0.628,left_hand,C3,mu,-6.07135
0.644,left_hand,C3,mu,-7.64156
0.66,left_hand,C3,mu,-9.3983
0.676,left_hand,C3,mu,-11.2271
0.692,left_hand,C3,mu,-12.9868
0.708,left_hand,C3,mu,-14.5488
0.724,left_hand,C3,mu,-15.8262
0.74,left_hand,C3,mu,-16.7894
0.756,left_hand,C3,mu,-17.4673
0.772,left_hand,C3,mu,-17.9345
0.788,left_hand,C3,mu,-18.2867
0.804,left_hand,C3,mu,-18.6127
0.82,left_hand,C3,mu,-18.9705
0.836,left_hand,C3,mu,-19.3758
0.852,left_hand,C3,mu,-19.8051
0.868,left_hand,C3,mu,-20.2087
0.884,left_hand,C3,mu,-20.5246
0.9,left_hand,C3,mu,-20.6881
0.916,left_hand,C3,mu,-20.6345
0.932,left_hand,C3,mu,-20.3015
0.948,left_hand,C3,mu,-19.6377
0.964,left_hand,C3,mu,-18.622
0.98,left_hand,C3,mu,-17.2872
0.996,left_hand,C3,mu,-15.737
1.012,left_hand,C3,mu,-14.1417
1.028,left_hand,C3,mu,-12.7049
1.044,left_hand,C3,mu,-11.6088
1.06,left_hand,C3,mu,-10.9549
1.076,left_hand,C3,mu,-10.7227
1.092,left_hand,C3,mu,-10.7663
1.108,left_hand,C3,mu,-10.8514
1.124,left_hand,C3,mu,-10.7243
1.14,left_hand,C3,mu,-10.1893
1.156,left_hand,C3,mu,-9.17249
1.172,left_hand,C3,mu,-7.75086
1.188,left_hand,C3,mu,-6.14071
1.204,left_hand,C3,mu,-4.64854
1.22,left_hand,C3,mu,-3.59808
1.236,left_hand,C3,mu,-3.25146
1.252,left_hand,C3,mu,-3.7429
1.268,left_hand,C3,mu,-5.03999
1.284,left_hand,C3,mu,-6.9421
1.3,left_hand,C3,mu,-9.1177
1.316,left_hand,C3,mu,-11.1735
1.332,left_hand,C3,mu,-12.7403
1.348,left_hand,C3,mu,-13.5553
1.364,left_hand,C3,mu,-13.5198
1.38,left_hand,C3,mu,-12.719
1.396,left_hand,C3,mu,-11.3947
1.412,left_hand,C3,mu,-9.88035
1.428,left_hand,C3,mu,-8.51319
1.444,left_hand,C3,mu,-7.54814
1.46,left_hand,C3,mu,-7.09929
1.476,left_hand,C3,mu,-7.126
1.492,left_hand,C3,mu,-7.46636
1.508,left_hand,C3,mu,-7.90355
1.524,left_hand,C3,mu,-8.2393
1.54,left_hand,C3,mu,-8.34774
1.556,left_hand,C3,mu,-8.19438
1.572,left_hand,C3,mu,-7.82117
1.588,left_hand,C3,mu,-7.31228
1.604,left_hand,C3,mu,-6.75897
1.62,left_hand,C3,mu,-6.23645
1.636,left_hand,C3,mu,-5.7952
1.652,left_hand,C3,mu,-5.46164
1.668,left_hand,C3,mu,-5.24156
1.684,left_hand,C3,mu,-5.12339
1.7,left_hand,C3,mu,-5.08348
1.716,left_hand,C3,mu,-5.09722
1.732,left_hand,C3,mu,-5.15664
1.748,left_hand,C3,mu,-5.28891
1.764,left_hand,C3,mu,-5.56525
1.78,left_hand,C3,mu,-6.09006
1.796,left_hand,C3,mu,-6.96766
1.812,left_hand,C3,mu,-8.25532
1.828,left_hand,C3,mu,-9.92147
1.844,left_hand,C3,mu,-11.8292
1.86,left_hand,C3,mu,-13.7568
1.876,left_hand,C3,mu,-15.4508
1.892,left_hand,C3,mu,-16.694
1.908,left_hand,C3,mu,-17.3621
1.924,left_hand,C3,mu,-17.4518
1.94,left_hand,C3,mu,-17.0739
1.956,left_hand,C3,mu,-16.418
1.972,left_hand,C3,mu,-15.7049
1.988,left_hand,C3,mu,-15.1399
2.004,left_hand,C3,mu,-14.8767
2.02,left_hand,C3,mu,-14.9964
2.036,left_hand,C3,mu,-15.5021
2.052,left_hand,C3,mu,-16.329
2.068,left_hand,C3,mu,-17.3669
2.084,left_hand,C3,mu,-18.488
2.1,left_hand,C3,mu,-19.5733
2.116,left_hand,C3,mu,-20.5269
2.132,left_hand,C3,mu,-21.2808
2.148,left_hand,C3,mu,-21.7901
2.164,left_hand,C3,mu,-22.0307
2.18,left_hand,C3,mu,-22.0022
2.196,left_hand,C3,mu,-21.7366
2.212,left_hand,C3,mu,-21.3051
2.228,left_hand,C3,mu,-20.8146
2.244,left_hand,C3,mu,-20.3903
2.26,left_hand,C3,mu,-20.1483
2.276,left_hand,C3,mu,-20.1693
2.292,left_hand,C3,mu,-20.4821
2.308,left_hand,C3,mu,-21.062
2.324,left_hand,C3,mu,-21.8413
2.34,left_hand,C3,mu,-22.7226
2.356,left_hand,C3,mu,-23.5918
2.372,left_hand,C3,mu,-24.3266
2.388,left_hand,C3,mu,-24.8059
2.404,left_hand,C3,mu,-24.923
2.42,left_hand,C3,mu,-24.6015
2.436,left_hand,C3,mu,-23.8096
2.452,left_hand,C3,mu,-22.5673
2.468,left_hand,C3,mu,-20.9438
2.484,left_hand,C3,mu,-19.0489
2.5,left_hand,C3,mu,-17.0236
2.516,left_hand,C3,mu,-15.0324
2.532,left_hand,C3,mu,-13.2544
2.548,left_hand,C3,mu,-11.8656
2.564,left_hand,C3,mu,-11.011
2.58,left_hand,C3,mu,-10.7695
2.596,left_hand,C3,mu,-11.1271
2.612,left_hand,C3,mu,-11.973
2.628,left_hand,C3,mu,-13.1235
2.644,left_hand,C3,mu,-14.3664
2.66,left_hand,C3,mu,-15.5092
2.676,left_hand,C3,mu,-16.4112
2.692,left_hand,C3,mu,-16.9928
2.708,left_hand,C3,mu,-17.2234
2.724,left_hand,C3,mu,-17.1006
2.74,left_hand,C3,mu,-16.6312
2.756,left_hand,C3,mu,-15.8191
2.772,left_hand,C3,mu,-14.6614
2.788,left_hand,C3,mu,-13.1502
2.804,left_hand,C3,mu,-11.2809
2.82,left_hand,C3,mu,-9.06577
2.836,left_hand,C3,mu,-6.55174
2.852,left_hand,C3,mu,-3.83723
2.868,left_hand,C3,mu,-1.07905
2.884,left_hand,C3,mu,1.51599
2.9,left_hand,C3,mu,3.71582
2.916,left_hand,C3,mu,5.2988
2.932,left_hand,C3,mu,6.09294
2.948,left_hand,C3,mu,6.01155
2.964,left_hand,C3,mu,5.07991
2.98,left_hand,C3,mu,3.44726
2.996,left_hand,C3,mu,1.3774
3.012,left_hand,C3,mu,-0.787054
3.028,left_hand,C3,mu,-2.68505
3.044,left_hand,C3,mu,-4.01042
3.06,left_hand,C3,mu,-4.57741
3.076,left_hand,C3,mu,-4.35725
3.092,left_hand,C3,mu,-3.47326
3.108,left_hand,C3,mu,-2.15793
3.124,left_hand,C3,mu,-0.689703
3.14,left_hand,C3,mu,0.666745
3.156,left_hand,C3,mu,1.69875
3.172,left_hand,C3,mu,2.25825
3.188,left_hand,C3,mu,2.25801
3.204,left_hand,C3,mu,1.66631
3.22,left_hand,C3,mu,0.508921
3.236,left_hand,C3,mu,-1.12345
3.252,left_hand,C3,mu,-3.07324
3.268,left_hand,C3,mu,-5.1302
3.284,left_hand,C3,mu,-7.06439
3.3,left_hand,C3,mu,-8.67017
3.316,left_hand,C3,mu,-9.80755
3.332,left_hand,C3,mu,-10.4282
3.348,left_hand,C3,mu,-10.5793
3.364,left_hand,C3,mu,-10.3859
3.38,left_hand,C3,mu,-10.0167
3.396,left_hand,C3,mu,-9.64172
3.412,left_hand,C3,mu,-9.39207
3.428,left_hand,C3,mu,-9.33175
3.444,left_hand,C3,mu,-9.45052
3.46,left_hand,C3,mu,-9.68041
3.476,left_hand,C3,mu,-9.93028
3.492,left_hand,C3,mu,-10.125
3.508,left_hand,C3,mu,-10.2336
3.524,left_hand,C3,mu,-10.2754
3.54,left_hand,C3,mu,-10.3032
3.556,left_hand,C3,mu,-10.3731
3.572,left_hand,C3,mu,-10.5127
3.588,left_hand,C3,mu,-10.699
3.604,left_hand,C3,mu,-10.8535
3.62,left_hand,C3,mu,-10.8526
3.636,left_hand,C3,mu,-10.5546
3.652,left_hand,C3,mu,-9.83653
3.668,left_hand,C3,mu,-8.63426
3.684,left_hand,C3,mu,-6.97371
3.7,left_hand,C3,mu,-4.98101
3.716,left_hand,C3,mu,-2.86299
3.732,left_hand,C3,mu,-0.859749
3.748,left_hand,C3,mu,0.817726
3.764,left_hand,C3,mu,2.04335
3.78,left_hand,C3,mu,2.80471
3.796,left_hand,C3,mu,3.19357
3.812,left_hand,C3,mu,3.36185
3.828,left_hand,C3,mu,3.46066
3.844,left_hand,C3,mu,3.58545
3.86,left_hand,C3,mu,3.74662
3.876,left_hand,C3,mu,3.8727
3.892,left_hand,C3,mu,3.8405
3.908,left_hand,C3,mu,3.51786
3.924,left_hand,C3,mu,2.80398
3.94,left_hand,C3,mu,1.65677
3.956,left_hand,C3,mu,0.103698
3.972,left_hand,C3,mu,-1.7628
3.988,left_hand,C3,mu,-3.80141
-0.988,left_hand,C3,beta,3.798
-0.972,left_hand,C3,beta,3.98118
-0.956,left_hand,C3,beta,3.62852
-0.94,left_hand,C3,beta,2.86668
-0.924,left_hand,C3,beta,1.91847
-0.908,left_hand,C3,beta,1.01762
-0.892,left_hand,C3,beta,0.326684
-0.876,left_hand,C3,beta,-0.106671
-0.86,left_hand,C3,beta,-0.338989
-0.844,left_hand,C3,beta,-0.477324
-0.828,left_hand,C3,beta,-0.613566
-0.812,left_hand,C3,beta,-0.77998
-0.796,left_hand,C3,beta,-0.944176
-0.78,left_hand,C3,beta,-1.03895
-0.764,left_hand,C3,beta,-1.00459
-0.748,left_hand,C3,beta,-0.817879
-0.732,left_hand,C3,beta,-0.494313
-0.716,left_hand,C3,beta,-0.0694797
-0.7,left_hand,C3,beta,0.421423
-0.684,left_hand,C3,beta,0.948623
-0.668,left_hand,C3,beta,1.47453
-0.652,left_hand,C3,beta,1.93539
-0.636,left_hand,C3,beta,2.23676
-0.62,left_hand,C3,beta,2.27402
-0.604,left_hand,C3,beta,1.97275
-0.588,left_hand,C3,beta,1.3299
-0.572,left_hand,C3,beta,0.432981
-0.556,left_hand,C3,beta,-0.556284
-0.54,left_hand,C3,beta,-1.45
-0.524,left_hand,C3,beta,-2.09387
-0.508,left_hand,C3,beta,-2.41247
-0.492,left_hand,C3,beta,-2.42152
-0.476,left_hand,C3,beta,-2.20489
-0.46,left_hand,C3,beta,-1.87056
-0.444,left_hand,C3,beta,-1.50749
-0.428,left_hand,C3,beta,-1.16176
-0.412,left_hand,C3,beta,-0.83874
-0.396,left_hand,C3,beta,-0.524565
-0.38,left_hand,C3,beta,-0.211095
-0.364,left_hand,C3,beta,0.0908168
-0.348,left_hand,C3,beta,0.354423
-0.332,left_hand,C3,beta,0.54822
-0.316,left_hand,C3,beta,0.641571
-0.3,left_hand,C3,beta,0.599167
-0.284,left_hand,C3,beta,0.373522
-0.268,left_hand,C3,beta,-0.0877391
-0.252,left_hand,C3,beta,-0.811864
-0.236,left_hand,C3,beta,-1.7608
-0.22,left_hand,C3,beta,-2.80891
-0.204,left_hand,C3,beta,-3.76278
-0.188,left_hand,C3,beta,-4.42308
-0.172,left_hand,C3,beta,-4.66054
-0.156,left_hand,C3,beta,-4.46476
-0.14,left_hand,C3,beta,-3.93823
-0.124,left_hand,C3,beta,-3.23982
-0.108,left_hand,C3,beta,-2.51176
-0.092,left_hand,C3,beta,-1.83202
-0.076,left_hand,C3,beta,-1.21405
-0.06,left_hand,C3,beta,-0.642976
-0.044,left_hand,C3,beta,-0.115461
-0.028,left_hand,C3,beta,0.34658
-0.012,left_hand,C3,beta,0.71413
0.004,left_hand,C3,beta,0.98229
0.02,left_hand,C3,beta,1.18838
0.036,left_hand,C3,beta,1.40347
0.052,left_hand,C3,beta,1.70422
0.068,left_hand,C3,beta,2.14346
0.084,left_hand,C3,beta,2.73432
0.1,left_hand,C3,beta,3.44873
0.116,left_hand,C3,beta,4.22127
0.132,left_hand,C3,beta,4.95143
0.148,left_hand,C3,beta,5.50869
0.164,left_hand,C3,beta,5.75254
0.18,left_hand,C3,beta,5.57269
0.196,left_hand,C3,beta,4.93631
0.212,left_hand,C3,beta,3.91501
0.228,left_hand,C3,beta,2.66971
0.244,left_hand,C3,beta,1.39539
0.26,left_hand,C3,beta,0.254377
0.276,left_hand,C3,beta,-0.665717
0.292,left_hand,C3,beta,-1.34917
0.308,left_hand,C3,beta,-1.8132
0.324,left_hand,C3,beta,-2.06308
0.34,left_hand,C3,beta,-2.0724
0.356,left_hand,C3,beta,-1.80146
0.372,left_hand,C3,beta,-1.2411
0.388,left_hand,C3,beta,-0.452038
0.404,left_hand,C3,beta,0.428977
0.42,left_hand,C3,beta,1.22692
0.436,left_hand,C3,beta,1.79484
0.452,left_hand,C3,beta,2.07631
0.468,left_hand,C3,beta,2.1321
0.484,left_hand,C3,beta,2.11725
0.5,left_hand,C3,beta,2.21881
0.516,left_hand,C3,beta,2.58043
0.532,left_hand,C3,beta,3.24233
0.548,left_hand,C3,beta,4.1158
0.564,left_hand,C3,beta,4.99881
0.58,left_hand,C3,beta,5.62799
0.596,left_hand,C3,beta,5.75402
0.612,left_hand,C3,beta,5.22019
0.628,left_hand,C3,beta,4.02035
0.644,left_hand,C3,beta,2.31532
0.66,left_hand,C3,beta,0.399797
0.676,left_hand,C3,beta,-1.37004
0.692,left_hand,C3,beta,-2.66324
0.708,left_hand,C3,beta,-3.2469
0.724,left_hand,C3,beta,-3.02627
0.74,left_hand,C3,beta,-2.04849
0.756,left_hand,C3,beta,-0.478804
0.772,left_hand,C3,beta,1.43755
0.788,left_hand,C3,beta,3.41772
0.804,left_hand,C3,beta,5.1827
0.82,left_hand,C3,beta,6.49625
0.836,left_hand,C3,beta,7.19871
0.852,left_hand,C3,beta,7.23031
0.868,left_hand,C3,beta,6.63731
0.884,left_hand,C3,beta,5.55633
0.9,left_hand,C3,beta,4.17904
0.916,left_hand,C3,beta,2.70632
0.932,left_hand,C3,beta,1.30626
0.948,left_hand,C3,beta,0.0892942
0.964,left_hand,C3,beta,-0.892274
0.98,left_hand,C3,beta,-1.6231
0.996,left_hand,C3,beta,-2.09335
1.012,left_hand,C3,beta,-2.27252
1.028,left_hand,C3,beta,-2.10159
1.044,left_hand,C3,beta,-1.50764
1.06,left_hand,C3,beta,-0.434895
1.076,left_hand,C3,beta,1.12202
1.092,left_hand,C3,beta,3.09704
1.108,left_hand,C3,beta,5.35232
1.124,left_hand,C3,beta,7.69708
1.14,left_hand,C3,beta,9.91779
1.156,left_hand,C3,beta,11.8106
1.172,left_hand,C3,beta,13.2106
1.188,left_hand,C3,beta,14.0175
1.204,left_hand,C3,beta,14.2155
1.22,left_hand,C3,beta,13.8813
1.236,left_hand,C3,beta,13.1731
1.252,left_hand,C3,beta,12.2946
1.268,left_hand,C3,beta,11.4441
1.284,left_hand,C3,beta,10.766
1.3,left_hand,C3,beta,10.3265
1.316,left_hand,C3,beta,10.1186
1.332,left_hand,C3,beta,10.0872
1.348,left_hand,C3,beta,10.1525
1.364,left_hand,C3,beta,10.2185
1.38,left_hand,C3,beta,10.1691
1.396,left_hand,C3,beta,9.87026
1.412,left_hand,C3,beta,9.19699
1.428,left_hand,C3,beta,8.08582
1.444,left_hand,C3,beta,6.59069
1.46,left_hand,C3,beta,4.90474
1.476,left_hand,C3,beta,3.32055
1.492,left_hand,C3,beta,2.13249
1.508,left_hand,C3,beta,1.52128
1.524,left_hand,C3,beta,1.47858
1.54,left_hand,C3,beta,1.81351
1.556,left_hand,C3,beta,2.24018
1.572,left_hand,C3,beta,2.50096
1.588,left_hand,C3,beta,2.46314
1.604,left_hand,C3,beta,2.14646
1.62,left_hand,C3,beta,1.68208
1.636,left_hand,C3,beta,1.23904
1.652,left_hand,C3,beta,0.961138
1.668,left_hand,C3,beta,0.937253
1.684,left_hand,C3,beta,1.20035
1.7,left_hand,C3,beta,1.73564
1.716,left_hand,C3,beta,2.48257
1.732,left_hand,C3,beta,3.32999
1.748,left_hand,C3,beta,4.11614
1.764,left_hand,C3,beta,4.64707
1.78,left_hand,C3,beta,4.73909
1.796,left_hand,C3,beta,4.27592
1.812,left_hand,C3,beta,3.25975
1.828,left_hand,C3,beta,1.83181
1.844,left_hand,C3,beta,0.247909
1.86,left_hand,C3,beta,-1.18745
1.876,left_hand,C3,beta,-2.20621
1.892,left_hand,C3,beta,-2.64967
1.908,left_hand,C3,beta,-2.50274
1.924,left_hand,C3,beta,-1.8793
1.94,left_hand,C3,beta,-0.968918
1.956,left_hand,C3,beta,0.030935
1.972,left_hand,C3,beta,0.970611
1.988,left_hand,C3,beta,1.77589
2.004,left_hand,C3,beta,2.44616
2.02,left_hand,C3,beta,3.03305
2.036,left_hand,C3,beta,3.61138
2.052,left_hand,C3,beta,4.25006
2.068,left_hand,C3,beta,4.98637
2.084,left_hand,C3,beta,5.80793
2.1,left_hand,C3,beta,6.64844
2.116,left_hand,C3,beta,7.40224
2.132,left_hand,C3,beta,7.95496
2.148,left_hand,C3,beta,8.21922
2.164,left_hand,C3,beta,8.16163
2.18,left_hand,C3,beta,7.8117
2.196,left_hand,C3,beta,7.25167
2.212,left_hand,C3,beta,6.59296
2.228,left_hand,C3,beta,5.94841
2.244,left_hand,C3,beta,5.41029
2.26,left_hand,C3,beta,5.0412
2.276,left_hand,C3,beta,4.87727
2.292,left_hand,C3,beta,4.93433
2.308,left_hand,C3,beta,5.20476
2.324,left_hand,C3,beta,5.6416
2.34,left_hand,C3,beta,6.14145
2.356,left_hand,C3,beta,6.54617
2.372,left_hand,C3,beta,6.6761
2.388,left_hand,C3,beta,6.38784
2.404,left_hand,C3,beta,5.63219
2.42,left_hand,C3,beta,4.48518
2.436,left_hand,C3,beta,3.13738
2.452,left_hand,C3,beta,1.84482
2.468,left_hand,C3,beta,0.857862
2.484,left_hand,C3,beta,0.349956
2.5,left_hand,C3,beta,0.368181
2.516,left_hand,C3,beta,0.82325
2.532,left_hand,C3,beta,1.52668
2.548,left_hand,C3,beta,2.26524
2.564,left_hand,C3,beta,2.88378
2.58,left_hand,C3,beta,3.33884
2.596,left_hand,C3,beta,3.69634
2.612,left_hand,C3,beta,4.0744
2.628,left_hand,C3,beta,4.56251
2.644,left_hand,C3,beta,5.16116
2.66,left_hand,C3,beta,5.77475
2.676,left_hand,C3,beta,6.25983
2.692,left_hand,C3,beta,6.50093
2.708,left_hand,C3,beta,6.47244
2.724,left_hand,C3,beta,6.25501
2.74,left_hand,C3,beta,5.99892
2.756,left_hand,C3,beta,5.85251
2.772,left_hand,C3,beta,5.88914
2.788,left_hand,C3,beta,6.06645
2.804,left_hand,C3,beta,6.23844
2.82,left_hand,C3,beta,6.21812
2.836,left_hand,C3,beta,5.86528
2.852,left_hand,C3,beta,5.16019
2.868,left_hand,C3,beta,4.22739
2.884,left_hand,C3,beta,3.29476
2.9,left_hand,C3,beta,2.60267
2.916,left_hand,C3,beta,2.3023
2.932,left_hand,C3,beta,2.38992
2.948,left_hand,C3,beta,2.70914
2.964,left_hand,C3,beta,3.02119
2.98,left_hand,C3,beta,3.11039
2.996,left_hand,C3,beta,2.8743
3.012,left_hand,C3,beta,2.35836
3.028,left_hand,C3,beta,1.72475
3.044,left_hand,C3,beta,1.17748
3.06,left_hand,C3,beta,0.882149
3.076,left_hand,C3,beta,0.913152
3.092,left_hand,C3,beta,1.24294
3.108,left_hand,C3,beta,1.76839
3.124,left_hand,C3,beta,2.35659
3.14,left_hand,C3,beta,2.88869
3.156,left_hand,C3,beta,3.28539
3.172,left_hand,C3,beta,3.50819
3.188,left_hand,C3,beta,3.54288
3.204,left_hand,C3,beta,3.37964
3.22,left_hand,C3,beta,3.0034
3.236,left_hand,C3,beta,2.40058
3.252,left_hand,C3,beta,1.57821
3.268,left_hand,C3,beta,0.5841
3.284,left_hand,C3,beta,-0.483998
3.3,left_hand,C3,beta,-1.48779
3.316,left_hand,C3,beta,-2.27568
3.332,left_hand,C3,beta,-2.71898
3.348,left_hand,C3,beta,-2.74331
3.364,left_hand,C3,beta,-2.34208
3.38,left_hand,C3,beta,-1.5666
3.396,left_hand,C3,beta,-0.498934
3.412,left_hand,C3,beta,0.776522
3.428,left_hand,C3,beta,2.18667
3.444,left_hand,C3,beta,3.66305
3.46,left_hand,C3,beta,5.12407
3.476,left_hand,C3,beta,6.46309
3.492,left_hand,C3,beta,7.55506
3.508,left_hand,C3,beta,8.28105
3.524,left_hand,C3,beta,8.55903
3.54,left_hand,C3,beta,8.36629
3.556,left_hand,C3,beta,7.7458
3.572,left_hand,C3,beta,6.7973
3.588,left_hand,C3,beta,5.65909
3.604,left_hand,C3,beta,4.48697
3.62,left_hand,C3,beta,3.43329
3.636,left_hand,C3,beta,2.62739
3.652,left_hand,C3,beta,2.15743
3.668,left_hand,C3,beta,2.0547
3.684,left_hand,C3,beta,2.2823
3.7,left_hand,C3,beta,2.7319
3.716,left_hand,C3,beta,3.23353
3.732,left_hand,C3,beta,3.5841
3.748,left_hand,C3,beta,3.59519
3.764,left_hand,C3,beta,3.15086
3.78,left_hand,C3,beta,2.25539
3.796,left_hand,C3,beta,1.04861
3.812,left_hand,C3,beta,-0.223299
3.828,left_hand,C3,beta,-1.27373
3.844,left_hand,C3,beta,-1.85428
3.86,left_hand,C3,beta,-1.81754
3.876,left_hand,C3,beta,-1.14526
3.892,left_hand,C3,beta,0.0604249
3.908,left_hand,C3,beta,1.61163
3.924,left_hand,C3,beta,3.2782
3.94,left_hand,C3,beta,4.82749
3.956,left_hand,C3,beta,6.05605
3.972,left_hand,C3,beta,6.81652
3.988,left_hand,C3,beta,7.04342
-0.988,left_hand,C4,mu,-7.55462
-0.972,left_hand,C4,mu,-5.46736
-0.956,left_hand,C4,mu,-3.77242
-0.94,left_hand,C4,mu,-2.55299
-0.924,left_hand,C4,mu,-1.8474
-0.908,left_hand,C4,mu,-1.64155
-0.892,left_hand,C4,mu,-1.87507
-0.876,left_hand,C4,mu,-2.45995
-0.86,left_hand,C4,mu,-3.30419
-0.844,left_hand,C4,mu,-4.3313
-0.828,left_hand,C4,mu,-5.48845
-0.812,left_hand,C4,mu,-6.74108
-0.796,left_hand,C4,mu,-8.05745
-0.78,left_hand,C4,mu,-9.39009
-0.764,left_hand,C4,mu,-10.6621
-0.748,left_hand,C4,mu,-11.7641
-0.732,left_hand,C4,mu,-12.5637
-0.716,left_hand,C4,mu,-12.924
-0.7,left_hand,C4,mu,-12.7266
-0.684,left_hand,C4,mu,-11.8923
-0.668,left_hand,C4,mu,-10.397
-0.652,left_hand,C4,mu,-8.28034
-0.636,left_hand,C4,mu,-5.64789
-0.62,left_hand,C4,mu,-2.66512
-0.604,left_hand,C4,mu,0.457009
-0.588,left_hand,C4,mu,3.4857
-0.572,left_hand,C4,mu,6.19684
-0.556,left_hand,C4,mu,8.40741
-0.54,left_hand,C4,mu,10.0029
-0.524,left_hand,C4,mu,10.953
-0.508,left_hand,C4,mu,11.3118
-0.492,left_hand,C4,mu,11.2021
-0.476,left_hand,C4,mu,10.7875
-0.46,left_hand,C4,mu,10.2386
-0.444,left_hand,C4,mu,9.69879
-0.428,left_hand,C4,mu,9.25766
-0.412,left_hand,C4,mu,8.9364
-0.396,left_hand,C4,mu,8.6905
-0.38,left_hand,C4,mu,8.43033
-0.364,left_hand,C4,mu,8.05488
-0.348,left_hand,C4,mu,7.48772
-0.332,left_hand,C4,mu,6.7014
-0.316,left_hand,C4,mu,5.72074
-0.3,left_hand,C4,mu,4.60504
-0.284,left_hand,C4,mu,3.42041
-0.268,left_hand,C4,mu,2.21845
-0.252,left_hand,C4,mu,1.03274
-0.236,left_hand,C4,mu,-0.106796
-0.22,left_hand,C4,mu,-1.1532
-0.204,left_hand,C4,mu,-2.03061
-0.188,left_hand,C4,mu,-2.64113
-0.172,left_hand,C4,mu,-2.88892
-0.156,left_hand,C4,mu,-2.71017
-0.14,left_hand,C4,mu,-2.09509
-0.124,left_hand,C4,mu,-1.09268
-0.108,left_hand,C4,mu,0.202325
-0.092,left_hand,C4,mu,1.67333
-0.076,left_hand,C4,mu,3.20736
-0.06,left_hand,C4,mu,4.71531
-0.044,left_hand,C4,mu,6.1445
-0.028,left_hand,C4,mu,7.48417
-0.012,left_hand,C4,mu,8.76426
0.004,left_hand,C4,mu,10.0455
0.02,left_hand,C4,mu,11.397
0.036,left_hand,C4,mu,12.8617
0.052,left_hand,C4,mu,14.4137
0.068,left_hand,C4,mu,15.9256
0.084,left_hand,C4,mu,17.1642
0.1,left_hand,C4,mu,17.8265
0.116,left_hand,C4,mu,17.6169
0.132,left_hand,C4,mu,16.3406
0.148,left_hand,C4,mu,13.9844
0.164,left_hand,C4,mu,10.7531
0.18,left_hand,C4,mu,7.0508
0.196,left_hand,C4,mu,3.41374
0.212,left_hand,C4,mu,0.416214
0.228,left_hand,C4,mu,-1.42756
0.244,left_hand,C4,mu,-1.74858
0.26,left_hand,C4,mu,-0.386525
0.276,left_hand,C4,mu,2.57334
0.292,left_hand,C4,mu,6.79547
0.308,left_hand,C4,mu,11.7273
0.324,left_hand,C4,mu,16.6729
0.34,left_hand,C4,mu,20.8995
0.356,left_hand,C4,mu,23.7586
0.372,left_hand,C4,mu,24.7956
0.388,left_hand,C4,mu,23.8221
0.404,left_hand,C4,mu,20.9344
0.42,left_hand,C4,mu,16.4766
0.436,left_hand,C4,mu,10.9602
0.452,left_hand,C4,mu,4.96111
0.468,left_hand,C4,mu,-0.978582
0.484,left_hand,C4,mu,-6.42668
0.5,left_hand,C4,mu,-11.1016
0.516,left_hand,C4,mu,-14.8794
0.532,left_hand,C4,mu,-17.7756
0.548,left_hand,C4,mu,-19.9125
0.564,left_hand,C4,mu,-21.4809
0.58,left_hand,C4,mu,-22.6985
0.596,left_hand,C4,mu,-23.7669
0.612,left_hand,C4,mu,-24.8327
0.628,left_hand,C4,mu,-25.9602
0.644,left_hand,C4,mu,-27.1246
0.66,left_hand,C4,mu,-28.2294
0.676,left_hand,C4,mu,-29.1419
0.692,left_hand,C4,mu,-29.7356
0.708,left_hand,C4,mu,-29.9263
0.724,left_hand,C4,mu,-29.6945
0.74,left_hand,C4,mu,-29.0913
0.756,left_hand,C4,mu,-28.2292
0.772,left_hand,C4,mu,-27.2597
0.788,left_hand,C4,mu,-26.341
0.804,left_hand,C4,mu,-25.6011
0.82,left_hand,C4,mu,-25.1066
0.836,left_hand,C4,mu,-24.8468
0.852,left_hand,C4,mu,-24.7399
0.868,left_hand,C4,mu,-24.6622
0.884,left_hand,C4,mu,-24.4888
0.9,left_hand,C4,mu,-24.1343
0.916,left_hand,C4,mu,-23.5782
0.932,left_hand,C4,mu,-22.8677
0.948,left_hand,C4,mu,-22.0998
0.964,left_hand,C4,mu,-21.3897
0.98,left_hand,C4,mu,-20.8386
0.996,left_hand,C4,mu,-20.508
1.012,left_hand,C4,mu,-20.4068
1.028,left_hand,C4,mu,-20.4879
1.044,left_hand,C4,mu,-20.6534
1.06,left_hand,C4,mu,-20.7669
1.076,left_hand,C4,mu,-20.6738
1.092,left_hand,C4,mu,-20.2308
1.108,left_hand,C4,mu,-19.3406
1.124,left_hand,C4,mu,-17.9839
1.14,left_hand,C4,mu,-16.2363
1.156,left_hand,C4,mu,-14.2625
1.172,left_hand,C4,mu,-12.2848
1.188,left_hand,C4,mu,-10.5357
1.204,left_hand,C4,mu,-9.20719
1.22,left_hand,C4,mu,-8.4119
1.236,left_hand,C4,mu,-8.16482
1.252,left_hand,C4,mu,-8.38753
1.268,left_hand,C4,mu,-8.92967
1.284,left_hand,C4,mu,-9.59942
1.3,left_hand,C4,mu,-10.1958
1.316,left_hand,C4,mu,-10.5375
1.332,left_hand,C4,mu,-10.4871
1.348,left_hand,C4,mu,-9.96907
1.364,left_hand,C4,mu,-8.98294
1.38,left_hand,C4,mu,-7.60872
1.396,left_hand,C4,mu,-6.0033
1.412,left_hand,C4,mu,-4.38401
1.428,left_hand,C4,mu,-2.99845
1.444,left_hand,C4,mu,-2.08328
1.46,left_hand,C4,mu,-1.8196
1.476,left_hand,C4,mu,-2.29536
1.492,left_hand,C4,mu,-3.48512
1.508,left_hand,C4,mu,-5.25289
1.524,left_hand,C4,mu,-7.37819
1.54,left_hand,C4,mu,-9.59991
1.556,left_hand,C4,mu,-11.6685
1.572,left_hand,C4,mu,-13.3952
1.588,left_hand,C4,mu,-14.6871
1.604,left_hand,C4,mu,-15.5575
1.62,left_hand,C4,mu,-16.1079
1.636,left_hand,C4,mu,-16.4837
1.652,left_hand,C4,mu,-16.8184
1.668,left_hand,C4,mu,-17.1847
1.684,left_hand,C4,mu,-17.5712
1.7,left_hand,C4,mu,-17.8949
1.716,left_hand,C4,mu,-18.043
1.732,left_hand,C4,mu,-17.928
1.748,left_hand,C4,mu,-17.5316
1.764,left_hand,C4,mu,-16.922
1.78,left_hand,C4,mu,-16.236
1.796,left_hand,C4,mu,-15.6369
1.812,left_hand,C4,mu,-15.2658
1.828,left_hand,C4,mu,-15.2061
1.844,left_hand,C4,mu,-15.4729
1.86,left_hand,C4,mu,-16.0291
1.876,left_hand,C4,mu,-16.8141
1.892,left_hand,C4,mu,-17.772
1.908,left_hand,C4,mu,-18.8631
1.924,left_hand,C4,mu,-20.0583
1.94,left_hand,C4,mu,-21.32
1.956,left_hand,C4,mu,-22.5858
1.972,left_hand,C4,mu,-23.7626
1.988,left_hand,C4,mu,-24.7403
2.004,left_hand,C4,mu,-25.4167
2.02,left_hand,C4,mu,-25.7264
2.036,left_hand,C4,mu,-25.6589
2.052,left_hand,C4,mu,-25.2614
2.068,left_hand,C4,mu,-24.6238
2.084,left_hand,C4,mu,-23.8547
2.1,left_hand,C4,mu,-23.0563
2.116,left_hand,C4,mu,-22.3085
2.132,left_hand,C4,mu,-21.6649
2.148,left_hand,C4,mu,-21.158
2.164,left_hand,C4,mu,-20.809
2.18,left_hand,C4,mu,-20.6358
2.196,left_hand,C4,mu,-20.657
2.212,left_hand,C4,mu,-20.8901
2.228,left_hand,C4,mu,-21.3459
2.244,left_hand,C4,mu,-22.0208
2.26,left_hand,C4,mu,-22.8907
2.276,left_hand,C4,mu,-23.9071
2.292,left_hand,C4,mu,-24.9999
2.308,left_hand,C4,mu,-26.0848
2.324,left_hand,C4,mu,-27.0749
2.34,left_hand,C4,mu,-27.8933
2.356,left_hand,C4,mu,-28.4836
2.372,left_hand,C4,mu,-28.8149
2.388,left_hand,C4,mu,-28.8819
2.404,left_hand,C4,mu,-28.6989
2.42,left_hand,C4,mu,-28.2911
2.436,left_hand,C4,mu,-27.6857
2.452,left_hand,C4,mu,-26.9062
2.468,left_hand,C4,mu,-25.9713
2.484,left_hand,C4,mu,-24.8994
2.5,left_hand,C4,mu,-23.7157
2.516,left_hand,C4,mu,-22.4619
2.532,left_hand,C4,mu,-21.2006
2.548,left_hand,C4,mu,-20.0121
2.564,left_hand,C4,mu,-18.9801
2.58,left_hand,C4,mu,-18.1675
2.596,left_hand,C4,mu,-17.5919
2.612,left_hand,C4,mu,-17.2123
2.628,left_hand,C4,mu,-16.9344
2.644,left_hand,C4,mu,-16.6372
2.66,left_hand,C4,mu,-16.2087
2.676,left_hand,C4,mu,-15.5782
2.692,left_hand,C4,mu,-14.7302
2.708,left_hand,C4,mu,-13.6989
2.724,left_hand,C4,mu,-12.546
2.74,left_hand,C4,mu,-11.335
2.756,left_hand,C4,mu,-10.1136
2.772,left_hand,C4,mu,-8.90972
2.788,left_hand,C4,mu,-7.73952
2.804,left_hand,C4,mu,-6.62162
2.82,left_hand,C4,mu,-5.5882
2.836,left_hand,C4,mu,-4.68728
2.852,left_hand,C4,mu,-3.97494
2.868,left_hand,C4,mu,-3.50082
2.884,left_hand,C4,mu,-3.29283
2.9,left_hand,C4,mu,-3.34625
2.916,left_hand,C4,mu,-3.62024
2.932,left_hand,C4,mu,-4.04177
2.948,left_hand,C4,mu,-4.51533
2.964,left_hand,C4,mu,-4.9364
2.98,left_hand,C4,mu,-5.20693
2.996,left_hand,C4,mu,-5.25135
3.012,left_hand,C4,mu,-5.03054
3.028,left_hand,C4,mu,-4.55072
3.044,left_hand,C4,mu,-3.86435
3.06,left_hand,C4,mu,-3.06163
3.076,left_hand,C4,mu,-2.25389
3.092,left_hand,C4,mu,-1.55241
3.108,left_hand,C4,mu,-1.048
3.124,left_hand,C4,mu,-0.797181
3.14,left_hand,C4,mu,-0.819023
3.156,left_hand,C4,mu,-1.10337
3.172,left_hand,C4,mu,-1.62602
3.188,left_hand,C4,mu,-2.36272
3.204,left_hand,C4,mu,-3.29439
3.22,left_hand,C4,mu,-4.40136
3.236,left_hand,C4,mu,-5.65251
3.252,left_hand,C4,mu,-6.9989
3.268,left_hand,C4,mu,-8.37923
3.284,left_hand,C4,mu,-9.73625
3.3,left_hand,C4,mu,-11.0356
3.316,left_hand,C4,mu,-12.2765
3.332,left_hand,C4,mu,-13.4894
3.348,left_hand,C4,mu,-14.7221
3.364,left_hand,C4,mu,-16.0218
3.38,left_hand,C4,mu,-17.4177
3.396,left_hand,C4,mu,-18.9082
3.412,left_hand,C4,mu,-20.4514
3.428,left_hand,C4,mu,-21.9611
3.444,left_hand,C4,mu,-23.3138
3.46,left_hand,C4,mu,-24.368
3.476,left_hand,C4,mu,-24.9974
3.492,left_hand,C4,mu,-25.1249
3.508,left_hand,C4,mu,-24.7449
3.524,left_hand,C4,mu,-23.9211
3.54,left_hand,C4,mu,-22.7586
3.556,left_hand,C4,mu,-21.3636
3.572,left_hand,C4,mu,-19.806
3.588,left_hand,C4,mu,-18.1015
3.604,left_hand,C4,mu,-16.2198
3.62,left_hand,C4,mu,-14.1116
3.636,left_hand,C4,mu,-11.7452
3.652,left_hand,C4,mu,-9.13852
3.668,left_hand,C4,mu,-6.37653
3.684,left_hand,C4,mu,-3.61119
3.7,left_hand,C4,mu,-1.04168
3.716,left_hand,C4,mu,1.12047
3.732,left_hand,C4,mu,2.69493
3.748,left_hand,C4,mu,3.57468
3.764,left_hand,C4,mu,3.75482
3.78,left_hand,C4,mu,3.3379
3.796,left_hand,C4,mu,2.51075
3.812,left_hand,C4,mu,1.49697
3.828,left_hand,C4,mu,0.498378
3.844,left_hand,C4,mu,-0.35574
3.86,left_hand,C4,mu,-1.03454
3.876,left_hand,C4,mu,-1.5986
3.892,left_hand,C4,mu,-2.16449
3.908,left_hand,C4,mu,-2.85599
3.924,left_hand,C4,mu,-3.75983
3.94,left_hand,C4,mu,-4.89994
3.956,left_hand,C4,mu,-6.23435
3.972,left_hand,C4,mu,-7.66997
3.988,left_hand,C4,mu,-9.08552
-0.988,left_hand,C4,beta,0.777789
-0.972,left_hand,C4,beta,-0.183371
-0.956,left_hand,C4,beta,-1.17385
-0.94,left_hand,C4,beta,-2.09865
-0.924,left_hand,C4,beta,-2.85641
-0.908,left_hand,C4,beta,-3.35232
-0.892,left_hand,C4,beta,-3.5197
-0.876,left_hand,C4,beta,-3.34148
-0.86,left_hand,C4,beta,-2.85987
-0.844,left_hand,C4,beta,-2.16789
-0.828,left_hand,C4,beta,-1.38689
-0.812,left_hand,C4,beta,-0.640941
-0.796,left_hand,C4,beta,-0.0373681
-0.78,left_hand,C4,beta,0.345258
-0.764,left_hand,C4,beta,0.467664
-0.748,left_hand,C4,beta,0.343367
-0.732,left_hand,C4,beta,0.0494803
-0.716,left_hand,C4,beta,-0.27969
-0.7,left_hand,C4,beta,-0.486871
-0.684,left_hand,C4,beta,-0.446779
-0.668,left_hand,C4,beta,-0.115537
-0.652,left_hand,C4,beta,0.454697
-0.636,left_hand,C4,beta,1.14604
-0.62,left_hand,C4,beta,1.83177
-0.604,left_hand,C4,beta,2.42515
-0.588,left_hand,C4,beta,2.89427
-0.572,left_hand,C4,beta,3.24219
-0.556,left_hand,C4,beta,3.47401
-0.54,left_hand,C4,beta,3.57517
-0.524,left_hand,C4,beta,3.51142
-0.508,left_hand,C4,beta,3.24432
-0.492,left_hand,C4,beta,2.75046
-0.476,left_hand,C4,beta,2.03661
-0.46,left_hand,C4,beta,1.14907
-0.444,left_hand,C4,beta,0.175464
-0.428,left_hand,C4,beta,-0.764825
-0.412,left_hand,C4,beta,-1.54359
-0.396,left_hand,C4,beta,-2.05356
-0.38,left_hand,C4,beta,-2.23161
-0.364,left_hand,C4,beta,-2.06532
-0.348,left_hand,C4,beta,-1.58511
-0.332,left_hand,C4,beta,-0.855744
-0.316,left_hand,C4,beta,0.0212527
-0.3,left_hand,C4,beta,0.897309
-0.284,left_hand,C4,beta,1.5762
-0.268,left_hand,C4,beta,1.84118
-0.252,left_hand,C4,beta,1.51158
-0.236,left_hand,C4,beta,0.508751
-0.22,left_hand,C4,beta,-1.09994
-0.204,left_hand,C4,beta,-3.10312
-0.188,left_hand,C4,beta,-5.19575
-0.172,left_hand,C4,beta,-7.0582
-0.156,left_hand,C4,beta,-8.43332
-0.14,left_hand,C4,beta,-9.17612
-0.124,left_hand,C4,beta,-9.26645
-0.108,left_hand,C4,beta,-8.79132
-0.092,left_hand,C4,beta,-7.91153
-0.076,left_hand,C4,beta,-6.82437
-0.06,left_hand,C4,beta,-5.72681
-0.044,left_hand,C4,beta,-4.77939
-0.028,left_hand,C4,beta,-4.07405
-0.012,left_hand,C4,beta,-3.61528
0.004,left_hand,C4,beta,-3.3245
0.02,left_hand,C4,beta,-3.06994
0.036,left_hand,C4,beta,-2.71234
0.052,left_hand,C4,beta,-2.14978
0.068,left_hand,C4,beta,-1.34671
0.084,left_hand,C4,beta,-0.34181
0.1,left_hand,C4,beta,0.761978
0.116,left_hand,C4,beta,1.81849
0.132,left_hand,C4,beta,2.66696
0.148,left_hand,C4,beta,3.16754
0.164,left_hand,C4,beta,3.24085
0.18,left_hand,C4,beta,2.90094
0.196,left_hand,C4,beta,2.26573
0.212,left_hand,C4,beta,1.53298
0.228,left_hand,C4,beta,0.925391
0.244,left_hand,C4,beta,0.624823
0.26,left_hand,C4,beta,0.722363
0.276,left_hand,C4,beta,1.20228
0.292,left_hand,C4,beta,1.95987
0.308,left_hand,C4,beta,2.83858
0.324,left_hand,C4,beta,3.66838
0.34,left_hand,C4,beta,4.29469
0.356,left_hand,C4,beta,4.59621
0.372,left_hand,C4,beta,4.49527
0.388,left_hand,C4,beta,3.96368
0.404,left_hand,C4,beta,3.02559
0.42,left_hand,C4,beta,1.7572
0.436,left_hand,C4,beta,0.281407
0.452,left_hand,C4,beta,-1.24596
0.468,left_hand,C4,beta,-2.66114
0.484,left_hand,C4,beta,-3.8263
0.5,left_hand,C4,beta,-4.66197
0.516,left_hand,C4,beta,-5.16443
0.532,left_hand,C4,beta,-5.39909
0.548,left_hand,C4,beta,-5.47209
0.564,left_hand,C4,beta,-5.49269
0.58,left_hand,C4,beta,-5.54078
0.596,left_hand,C4,beta,-5.64823
0.612,left_hand,C4,beta,-5.79481
0.628,left_hand,C4,beta,-5.91623
0.644,left_hand,C4,beta,-5.92245
0.66,left_hand,C4,beta,-5.72579
0.676,left_hand,C4,beta,-5.27432
0.692,left_hand,C4,beta,-4.58028
0.708,left_hand,C4,beta,-3.72995
0.724,left_hand,C4,beta,-2.86652
0.74,left_hand,C4,beta,-2.14955
0.756,left_hand,C4,beta,-1.70671
0.772,left_hand,C4,beta,-1.59774
0.788,left_hand,C4,beta,-1.80465
0.804,left_hand,C4,beta,-2.24899
0.82,left_hand,C4,beta,-2.82481
0.836,left_hand,C4,beta,-3.43066
0.852,left_hand,C4,beta,-3.98815
0.868,left_hand,C4,beta,-4.44482
0.884,left_hand,C4,beta,-4.76808
0.9,left_hand,C4,beta,-4.9403
0.916,left_hand,C4,beta,-4.9607
0.932,left_hand,C4,beta,-4.85254
0.948,left_hand,C4,beta,-4.66914
0.964,left_hand,C4,beta,-4.49212
0.98,left_hand,C4,beta,-4.41906
0.996,left_hand,C4,beta,-4.542
1.012,left_hand,C4,beta,-4.92039
1.028,left_hand,C4,beta,-5.55442
1.044,left_hand,C4,beta,-6.36639
1.06,left_hand,C4,beta,-7.19968
1.076,left_hand,C4,beta,-7.84228
1.092,left_hand,C4,beta,-8.0743
1.108,left_hand,C4,beta,-7.72881
1.124,left_hand,C4,beta,-6.74688
1.14,left_hand,C4,beta,-5.20693
1.156,left_hand,C4,beta,-3.31481
1.172,left_hand,C4,beta,-1.35318
1.188,left_hand,C4,beta,0.396946
1.204,left_hand,C4,beta,1.73765
1.22,left_hand,C4,beta,2.60888
1.236,left_hand,C4,beta,3.0939
1.252,left_hand,C4,beta,3.37138
1.268,left_hand,C4,beta,3.63387
1.284,left_hand,C4,beta,4.00862
1.3,left_hand,C4,beta,4.51442
1.316,left_hand,C4,beta,5.06868
1.332,left_hand,C4,beta,5.5329
1.348,left_hand,C4,beta,5.76877
1.364,left_hand,C4,beta,5.67911
1.38,left_hand,C4,beta,5.22285
1.396,left_hand,C4,beta,4.40928
1.412,left_hand,C4,beta,3.28453
1.428,left_hand,C4,beta,1.92166
1.444,left_hand,C4,beta,0.417391
1.46,left_hand,C4,beta,-1.10939
1.476,left_hand,C4,beta,-2.52608
1.492,left_hand,C4,beta,-3.70744
1.508,left_hand,C4,beta,-4.566
1.524,left_hand,C4,beta,-5.07883
1.54,left_hand,C4,beta,-5.29545
1.556,left_hand,C4,beta,-5.31875
1.572,left_hand,C4,beta,-5.26498
1.588,left_hand,C4,beta,-5.22
1.604,left_hand,C4,beta,-5.2105
1.62,left_hand,C4,beta,-5.20102
1.636,left_hand,C4,beta,-5.11566
1.652,left_hand,C4,beta,-4.87439
1.668,left_hand,C4,beta,-4.43023
1.684,left_hand,C4,beta,-3.7955
1.7,left_hand,C4,beta,-3.04976
1.716,left_hand,C4,beta,-2.32817
1.732,left_hand,C4,beta,-1.79316
1.748,left_hand,C4,beta,-1.59607
1.764,left_hand,C4,beta,-1.83755
1.78,left_hand,C4,beta,-2.53739
1.796,left_hand,C4,beta,-3.62471
1.812,left_hand,C4,beta,-4.95406
1.828,left_hand,C4,beta,-6.34425
1.844,left_hand,C4,beta,-7.62644
1.86,left_hand,C4,beta,-8.68382
1.876,left_hand,C4,beta,-9.46935
1.892,left_hand,C4,beta,-9.9976
1.908,left_hand,C4,beta,-10.3172
1.924,left_hand,C4,beta,-10.4772
1.94,left_hand,C4,beta,-10.5027
1.956,left_hand,C4,beta,-10.3902
1.972,left_hand,C4,beta,-10.1238
1.988,left_hand,C4,beta,-9.70262
2.004,left_hand,C4,beta,-9.16043
2.02,left_hand,C4,beta,-8.56464
2.036,left_hand,C4,beta,-7.99228
2.052,left_hand,C4,beta,-7.49778
2.068,left_hand,C4,beta,-7.09395
2.084,left_hand,C4,beta,-6.76004
2.1,left_hand,C4,beta,-6.47319
2.116,left_hand,C4,beta,-6.24247
2.132,left_hand,C4,beta,-6.12178
2.148,left_hand,C4,beta,-6.19093
2.164,left_hand,C4,beta,-6.51508
2.18,left_hand,C4,beta,-7.10718
2.196,left_hand,C4,beta,-7.91639
2.212,left_hand,C4,beta,-8.84806
2.228,left_hand,C4,beta,-9.80032
2.244,left_hand,C4,beta,-10.6921
2.26,left_hand,C4,beta,-11.4646
2.276,left_hand,C4,beta,-12.058
2.292,left_hand,C4,beta,-12.3858
2.308,left_hand,C4,beta,-12.3336
2.324,left_hand,C4,beta,-11.795
2.34,left_hand,C4,beta,-10.7324
2.356,left_hand,C4,beta,-9.23182
2.372,left_hand,C4,beta,-7.51514
2.388,left_hand,C4,beta,-5.89572
2.404,left_hand,C4,beta,-4.68907
2.42,left_hand,C4,beta,-4.11645
2.436,left_hand,C4,beta,-4.2418
2.452,left_hand,C4,beta,-4.96598
2.468,left_hand,C4,beta,-6.07413
2.484,left_hand,C4,beta,-7.31006
2.5,left_hand,C4,beta,-8.44545
2.516,left_hand,C4,beta,-9.32139
2.532,left_hand,C4,beta,-9.85678
2.548,left_hand,C4,beta,-10.0331
2.564,left_hand,C4,beta,-9.87137
2.58,left_hand,C4,beta,-9.41581
2.596,left_hand,C4,beta,-8.72815
2.612,left_hand,C4,beta,-7.88911
2.628,left_hand,C4,beta,-6.99672
2.644,left_hand,C4,beta,-6.15392
2.66,left_hand,C4,beta,-5.44549
2.676,left_hand,C4,beta,-4.91289
2.692,left_hand,C4,beta,-4.53968
2.708,left_hand,C4,beta,-4.25749
2.724,left_hand,C4,beta,-3.97437
2.74,left_hand,C4,beta,-3.6173
2.756,left_hand,C4,beta,-3.17285
2.772,left_hand,C4,beta,-2.7081
2.788,left_hand,C4,beta,-2.35979
2.804,left_hand,C4,beta,-2.29239
2.82,left_hand,C4,beta,-2.63929
2.836,left_hand,C4,beta,-3.44952
2.852,left_hand,C4,beta,-4.65964
2.868,left_hand,C4,beta,-6.10049
2.884,left_hand,C4,beta,-7.53507
2.9,left_hand,C4,beta,-8.71551
2.916,left_hand,C4,beta,-9.44299
2.932,left_hand,C4,beta,-9.61461
2.948,left_hand,C4,beta,-9.24385
2.964,left_hand,C4,beta,-8.44769
2.98,left_hand,C4,beta,-7.40473
2.996,left_hand,C4,beta,-6.30042
3.012,left_hand,C4,beta,-5.28012
3.028,left_hand,C4,beta,-4.4259
3.044,left_hand,C4,beta,-3.75922
3.06,left_hand,C4,beta,-3.26052
3.076,left_hand,C4,beta,-2.89199
3.092,left_hand,C4,beta,-2.61448
3.108,left_hand,C4,beta,-2.3966
3.124,left_hand,C4,beta,-2.21987
3.14,left_hand,C4,beta,-2.08463
3.156,left_hand,C4,beta,-2.01747
3.172,left_hand,C4,beta,-2.07587
3.188,left_hand,C4,beta,-2.34289
3.204,left_hand,C4,beta,-2.90752
3.22,left_hand,C4,beta,-3.83381
3.236,left_hand,C4,beta,-5.129
3.252,left_hand,C4,beta,-6.72358
3.268,left_hand,C4,beta,-8.47264
3.284,left_hand,C4,beta,-10.1807
3.3,left_hand,C4,beta,-11.6443
3.316,left_hand,C4,beta,-12.7
3.332,left_hand,C4,beta,-13.2636
3.348,left_hand,C4,beta,-13.3458
3.364,left_hand,C4,beta,-13.0369
3.38,left_hand,C4,beta,-12.4659
3.396,left_hand,C4,beta,-11.7502
3.412,left_hand,C4,beta,-10.9562
3.428,left_hand,C4,beta,-10.088
3.444,left_hand,C4,beta,-9.10401
3.46,left_hand,C4,beta,-7.95135
3.476,left_hand,C4,beta,-6.60073
3.492,left_hand,C4,beta,-5.06873
3.508,left_hand,C4,beta,-3.42252
3.524,left_hand,C4,beta,-1.76746
3.54,left_hand,C4,beta,-0.222339
3.556,left_hand,C4,beta,1.10978
3.572,left_hand,C4,beta,2.16343
3.588,left_hand,C4,beta,2.91437
3.604,left_hand,C4,beta,3.36202
3.62,left_hand,C4,beta,3.50095
3.636,left_hand,C4,beta,3.30063
3.652,left_hand,C4,beta,2.70903
3.668,left_hand,C4,beta,1.68077
3.684,left_hand,C4,beta,0.213901
3.7,left_hand,C4,beta,-1.62677
3.716,left_hand,C4,beta,-3.71397
3.732,left_hand,C4,beta,-5.88813
3.748,left_hand,C4,beta,-7.99798
3.764,left_hand,C4,beta,-9.93185
3.78,left_hand,C4,beta,-11.6265
3.796,left_hand,C4,beta,-13.0534
3.812,left_hand,C4,beta,-14.1941
3.828,left_hand,C4,beta,-15.0225
3.844,left_hand,C4,beta,-15.5032
3.86,left_hand,C4,beta,-15.6065
3.876,left_hand,C4,beta,-15.3267
3.892,left_hand,C4,beta,-14.6904
3.908,left_hand,C4,beta,-13.7509
3.924,left_hand,C4,beta,-12.5739
3.94,left_hand,C4,beta,-11.2272
3.956,left_hand,C4,beta,-9.77955
3.972,left_hand,C4,beta,-8.30344
3.988,left_hand,C4,beta,-6.87002
-0.988,right_hand,C3,mu,9.65966
-0.972,right_hand,C3,mu,9.47523
-0.956,right_hand,C3,mu,8.47744
-0.94,right_hand,C3,mu,7.02882
-0.924,right_hand,C3,mu,5.4762
-0.908,right_hand,C3,mu,4.05719
-0.892,right_hand,C3,mu,2.85764
-0.876,right_hand,C3,mu,1.83161
-0.86,right_hand,C3,mu,0.86849
-0.844,right_hand,C3,mu,-0.126596
-0.828,right_hand,C3,mu,-1.17461
-0.812,right_hand,C3,mu,-2.20769
-0.796,right_hand,C3,mu,-3.09679
-0.78,right_hand,C3,mu,-3.70293
-0.764,right_hand,C3,mu,-3.92709
-0.748,right_hand,C3,mu,-3.73997
-0.732,right_hand,C3,mu,-3.18652
-0.716,right_hand,C3,mu,-2.37128
-0.7,right_hand,C3,mu,-1.43626
-0.684,right_hand,C3,mu,-0.540108
-0.668,right_hand,C3,mu,0.158069
-0.652,right_hand,C3,mu,0.511887
-0.636,right_hand,C3,mu,0.401446
-0.62,right_hand,C3,mu,-0.250338
-0.604,right_hand,C3,mu,-1.45958
-0.588,right_hand,C3,mu,-3.1651
-0.572,right_hand,C3,mu,-5.21971
-0.556,right_hand,C3,mu,-7.39552
-0.54,right_hand,C3,mu,-9.40797
-0.524,right_hand,C3,mu,-10.9587
-0.508,right_hand,C3,mu,-11.7905
-0.492,right_hand,C3,mu,-11.742
-0.476,right_hand,C3,mu,-10.7851
-0.46,right_hand,C3,mu,-9.03265
-0.444,right_hand,C3,mu,-6.71068
-0.428,right_hand,C3,mu,-4.10406
-0.412,right_hand,C3,mu,-1.49139
-0.396,right_hand,C3,mu,0.908923
-0.38,right_hand,C3,mu,2.96561
-0.364,right_hand,C3,mu,4.6297
-0.348,right_hand,C3,mu,5.90568
-0.332,right_hand,C3,mu,6.81522
-0.316,right_hand,C3,mu,7.37037
-0.3,right_hand,C3,mu,7.56693
-0.284,right_hand,C3,mu,7.39761
-0.268,right_hand,C3,mu,6.87503
-0.252,right_hand,C3,mu,6.05068
-0.236,right_hand,C3,mu,5.01848
-0.22,right_hand,C3,mu,3.89969
-0.204,right_hand,C3,mu,2.81545
-0.188,right_hand,C3,mu,1.8591
-0.172,right_hand,C3,mu,1.0803
-0.156,right_hand,C3,mu,0.486683
-0.14,right_hand,C3,mu,0.0598562
-0.124,right_hand,C3,mu,-0.224473
-0.108,right_hand,C3,mu,-0.383423
-0.092,right_hand,C3,mu,-0.426128
-0.076,right_hand,C3,mu,-0.36156
-0.06,right_hand,C3,mu,-0.205017
-0.044,right_hand,C3,mu,0.0254993
-0.028,right_hand,C3,mu,0.323505
-0.012,right_hand,C3,mu,0.709588
0.004,right_hand,C3,mu,1.235
0.02,right_hand,C3,mu,1.96571
0.036,right_hand,C3,mu,2.95136
0.052,right_hand,C3,mu,4.19439
0.068,right_hand,C3,mu,5.63535
0.084,right_hand,C3,mu,7.16197
0.1,right_hand,C3,mu,8.63597
0.116,right_hand,C3,mu,9.92366
0.132,right_hand,C3,mu,10.9175
0.148,right_hand,C3,mu,11.5452
0.164,right_hand,C3,mu,11.7719
0.18,right_hand,C3,mu,11.6022
0.196,right_hand,C3,mu,11.0851
0.212,right_hand,C3,mu,10.3152
0.228,right_hand,C3,mu,9.42274
0.244,right_hand,C3,mu,8.5481
0.26,right_hand,C3,mu,7.80608
0.276,right_hand,C3,mu,7.25133
0.292,right_hand,C3,mu,6.85758
0.308,right_hand,C3,mu,6.51819
0.324,right_hand,C3,mu,6.06889
0.34,right_hand,C3,mu,5.32707
0.356,right_hand,C3,mu,4.13737
0.372,right_hand,C3,mu,2.41137
0.388,right_hand,C3,mu,0.149401
0.404,right_hand,C3,mu,-2.56204
0.42,right_hand,C3,mu,-5.57591
0.436,right_hand,C3,mu,-8.72284
0.452,right_hand,C3,mu,-11.8477
0.468,right_hand,C3,mu,-14.8327
0.484,right_hand,C3,mu,-17.6043
0.5,right_hand,C3,mu,-20.1277
0.516,right_hand,C3,mu,-22.3967
0.532,right_hand,C3,mu,-24.4248
0.548,right_hand,C3,mu,-26.2368
0.564,right_hand,C3,mu,-27.8622
0.58,right_hand,C3,mu,-29.3288
0.596,right_hand,C3,mu,-30.6602
0.612,right_hand,C3,mu,-31.8791
0.628,right_hand,C3,mu,-33.0132
0.644,right_hand,C3,mu,-34.0974
0.66,right_hand,C3,mu,-35.1666
0.676,right_hand,C3,mu,-36.2347
0.692,right_hand,C3,mu,-37.2696
0.708,right_hand,C3,mu,-38.1747
0.724,right_hand,C3,mu,-38.7934
0.74,right_hand,C3,mu,-38.9411
0.756,right_hand,C3,mu,-38.4579
0.772,right_hand,C3,mu,-37.265
0.788,right_hand,C3,mu,-35.4022
0.804,right_hand,C3,mu,-33.0328
0.82,right_hand,C3,mu,-30.4122
0.836,right_hand,C3,mu,-27.8313
0.852,right_hand,C3,mu,-25.554
0.868,right_hand,C3,mu,-23.7681
0.884,right_hand,C3,mu,-22.5595
0.9,right_hand,C3,mu,-21.9134
0.916,right_hand,C3,mu,-21.734
0.932,right_hand,C3,mu,-21.8754
0.948,right_hand,C3,mu,-22.1745
0.964,right_hand,C3,mu,-22.485
0.98,right_hand,C3,mu,-22.7058
0.996,right_hand,C3,mu,-22.8012
1.012,right_hand,C3,mu,-22.8031
1.028,right_hand,C3,mu,-22.7931
1.044,right_hand,C3,mu,-22.8654
1.06,right_hand,C3,mu,-23.0868
1.076,right_hand,C3,mu,-23.4722
1.092,right_hand,C3,mu,-23.9865
1.108,right_hand,C3,mu,-24.5695
1.124,right_hand,C3,mu,-25.1703
1.14,right_hand,C3,mu,-25.7676
1.156,right_hand,C3,mu,-26.3684
1.172,right_hand,C3,mu,-26.9881
1.188,right_hand,C3,mu,-27.6285
1.204,right_hand,C3,mu,-28.2666
1.22,right_hand,C3,mu,-28.8623
1.236,right_hand,C3,mu,-29.376
1.252,right_hand,C3,mu,-29.785
1.268,right_hand,C3,mu,-30.0886
1.284,right_hand,C3,mu,-30.2993
1.3,right_hand,C3,mu,-30.4274
1.316,right_hand,C3,mu,-30.4697
1.332,right_hand,C3,mu,-30.4073
1.348,right_hand,C3,mu,-30.2143
1.364,right_hand,C3,mu,-29.8696
1.38,right_hand,C3,mu,-29.3682
1.396,right_hand,C3,mu,-28.7249
1.412,right_hand,C3,mu,-27.9732
1.428,right_hand,C3,mu,-27.1605
1.444,right_hand,C3,mu,-26.3416
1.46,right_hand,C3,mu,-25.5694
1.476,right_hand,C3,mu,-24.8805
1.492,right_hand,C3,mu,-24.278
1.508,right_hand,C3,mu,-23.7182
1.524,right_hand,C3,mu,-23.1119
1.54,right_hand,C3,mu,-22.3474
1.556,right_hand,C3,mu,-21.3333
1.572,right_hand,C3,mu,-20.0457
1.588,right_hand,C3,mu,-18.5603
1.604,right_hand,C3,mu,-17.0509
1.62,right_hand,C3,mu,-15.75
1.636,right_hand,C3,mu,-14.8867
1.652,right_hand,C3,mu,-14.6234
1.668,right_hand,C3,mu,-15.0157
1.684,right_hand,C3,mu,-16.0081
1.7,right_hand,C3,mu,-17.4612
1.716,right_hand,C3,mu,-19.1947
1.732,right_hand,C3,mu,-21.0267
1.748,right_hand,C3,mu,-22.7971
1.764,right_hand,C3,mu,-24.3738
1.78,right_hand,C3,mu,-25.6494
1.796,right_hand,C3,mu,-26.5404
1.812,right_hand,C3,mu,-26.9957
1.828,right_hand,C3,mu,-27.0091
1.844,right_hand,C3,mu,-26.6309
1.86,right_hand,C3,mu,-25.9639
1.876,right_hand,C3,mu,-25.1443
1.892,right_hand,C3,mu,-24.3105
1.908,right_hand,C3,mu,-23.5714
1.924,right_hand,C3,mu,-22.9855
1.94,right_hand,C3,mu,-22.5573
1.956,right_hand,C3,mu,-22.2488
1.972,right_hand,C3,mu,-22.0027
1.988,right_hand,C3,mu,-21.7656
2.004,right_hand,C3,mu,-21.5064
2.02,right_hand,C3,mu,-21.2247
2.036,right_hand,C3,mu,-20.9471
2.052,right_hand,C3,mu,-20.7168
2.068,right_hand,C3,mu,-20.5793
2.084,right_hand,C3,mu,-20.5708
2.1,right_hand,C3,mu,-20.7112
2.116,right_hand,C3,mu,-21.0024
2.132,right_hand,C3,mu,-21.4281
2.148,right_hand,C3,mu,-21.9531
2.164,right_hand,C3,mu,-22.5215
2.18,right_hand,C3,mu,-23.0569
2.196,right_hand,C3,mu,-23.469
2.212,right_hand,C3,mu,-23.6696
2.228,right_hand,C3,mu,-23.5961
2.244,right_hand,C3,mu,-23.234
2.26,right_hand,C3,mu,-22.6305
2.276,right_hand,C3,mu,-21.8892
2.292,right_hand,C3,mu,-21.1461
2.308,right_hand,C3,mu,-20.5313
2.324,right_hand,C3,mu,-20.1291
2.34,right_hand,C3,mu,-19.9502
2.356,right_hand,C3,mu,-19.9282
2.372,right_hand,C3,mu,-19.9422
2.388,right_hand,C3,mu,-19.8615
2.404,right_hand,C3,mu,-19.5943
2.42,right_hand,C3,mu,-19.1242
2.436,right_hand,C3,mu,-18.5213
2.452,right_hand,C3,mu,-17.9252
2.468,right_hand,C3,mu,-17.5076
2.484,right_hand,C3,mu,-17.4304
2.5,right_hand,C3,mu,-17.8099
2.516,right_hand,C3,mu,-18.6948
2.532,right_hand,C3,mu,-20.0598
2.548,right_hand,C3,mu,-21.8106
2.564,right_hand,C3,mu,-23.7995
2.58,right_hand,C3,mu,-25.8476
2.596,right_hand,C3,mu,-27.7695
2.612,right_hand,C3,mu,-29.3969
2.628,right_hand,C3,mu,-30.5938
2.644,right_hand,C3,mu,-31.2639
2.66,right_hand,C3,mu,-31.3522
2.676,right_hand,C3,mu,-30.8456
2.692,right_hand,C3,mu,-29.7762
2.708,right_hand,C3,mu,-28.2287
2.724,right_hand,C3,mu,-26.3429
2.74,right_hand,C3,mu,-24.3063
2.756,right_hand,C3,mu,-22.3303
2.772,right_hand,C3,mu,-20.6133
2.788,right_hand,C3,mu,-19.3029
2.804,right_hand,C3,mu,-18.4702
2.82,right_hand,C3,mu,-18.1072
2.836,right_hand,C3,mu,-18.1474
2.852,right_hand,C3,mu,-18.4992
2.868,right_hand,C3,mu,-19.0764
2.884,right_hand,C3,mu,-19.811
2.9,right_hand,C3,mu,-20.6457
2.916,right_hand,C3,mu,-21.5108
2.932,right_hand,C3,mu,-22.3038
2.948,right_hand,C3,mu,-22.886
2.964,right_hand,C3,mu,-23.1052
2.98,right_hand,C3,mu,-22.8388
2.996,right_hand,C3,mu,-22.0419
3.012,right_hand,C3,mu,-20.777
3.028,right_hand,C3,mu,-19.2109
3.044,right_hand,C3,mu,-17.5743
3.06,right_hand,C3,mu,-16.0994
3.076,right_hand,C3,mu,-14.956
3.092,right_hand,C3,mu,-14.2134
3.108,right_hand,C3,mu,-13.8383
3.124,right_hand,C3,mu,-13.7299
3.14,right_hand,C3,mu,-13.7714
3.156,right_hand,C3,mu,-13.8769
3.172,right_hand,C3,mu,-14.0102
3.188,right_hand,C3,mu,-14.1725
3.204,right_hand,C3,mu,-14.3651
3.22,right_hand,C3,mu,-14.55
3.236,right_hand,C3,mu,-14.6297
3.252,right_hand,C3,mu,-14.4622
3.268,right_hand,C3,mu,-13.9107
3.284,right_hand,C3,mu,-12.91
3.3,right_hand,C3,mu,-11.5248
3.316,right_hand,C3,mu,-9.96877
3.332,right_hand,C3,mu,-8.57153
3.348,right_hand,C3,mu,-7.69734
3.364,right_hand,C3,mu,-7.64037
3.38,right_hand,C3,mu,-8.53345
3.396,right_hand,C3,mu,-10.3032
3.412,right_hand,C3,mu,-12.6879
3.428,right_hand,C3,mu,-15.3112
3.444,right_hand,C3,mu,-17.7846
3.46,right_hand,C3,mu,-19.802
3.476,right_hand,C3,mu,-21.1986
3.492,right_hand,C3,mu,-21.9598
3.508,right_hand,C3,mu,-22.1894
3.524,right_hand,C3,mu,-22.0566
3.54,right_hand,C3,mu,-21.746
3.556,right_hand,C3,mu,-21.4231
3.572,right_hand,C3,mu,-21.2165
3.588,right_hand,C3,mu,-21.2093
3.604,right_hand,C3,mu,-21.4318
3.62,right_hand,C3,mu,-21.8543
3.636,right_hand,C3,mu,-22.3885
3.652,right_hand,C3,mu,-22.9033
3.668,right_hand,C3,mu,-23.258
3.684,right_hand,C3,mu,-23.344
3.7,right_hand,C3,mu,-23.1155
3.716,right_hand,C3,mu,-22.5947
3.732,right_hand,C3,mu,-21.8462
3.748,right_hand,C3,mu,-20.9318
3.764,right_hand,C3,mu,-19.8686
3.78,right_hand,C3,mu,-18.614
3.796,right_hand,C3,mu,-17.0885
3.812,right_hand,C3,mu,-15.2267
3.828,right_hand,C3,mu,-13.0346
3.844,right_hand,C3,mu,-10.6252
3.86,right_hand,C3,mu,-8.21638
3.876,right_hand,C3,mu,-6.08789
3.892,right_hand,C3,mu,-4.51519
3.908,right_hand,C3,mu,-3.70149
3.924,right_hand,C3,mu,-3.7299
3.94,right_hand,C3,mu,-4.54675
3.956,right_hand,C3,mu,-5.97628
3.972,right_hand,C3,mu,-7.75816
3.988,right_hand,C3,mu,-9.59679
-0.988,right_hand,C3,beta,14.0112
-0.972,right_hand,C3,beta,13.2157
-0.956,right_hand,C3,beta,12.0375
-0.94,right_hand,C3,beta,10.7358
-0.924,right_hand,C3,beta,9.49889
-0.908,right_hand,C3,beta,8.41345
-0.892,right_hand,C3,beta,7.46991
-0.876,right_hand,C3,beta,6.59264
-0.86,right_hand,C3,beta,5.67907
-0.844,right_hand,C3,beta,4.63462
-0.828,right_hand,C3,beta,3.39733
-0.812,right_hand,C3,beta,1.95275
-0.796,right_hand,C3,beta,0.341218
-0.78,right_hand,C3,beta,-1.34226
-0.764,right_hand,C3,beta,-2.95898
-0.748,right_hand,C3,beta,-4.35155
-0.732,right_hand,C3,beta,-5.38083
-0.716,right_hand,C3,beta,-5.96469
-0.7,right_hand,C3,beta,-6.10384
-0.684,right_hand,C3,beta,-5.88294
-0.668,right_hand,C3,beta,-5.44474
-0.652,right_hand,C3,beta,-4.94576
-0.636,right_hand,C3,beta,-4.50944
-0.62,right_hand,C3,beta,-4.19339
-0.604,right_hand,C3,beta,-3.98215
-0.588,right_hand,C3,beta,-3.80732
-0.572,right_hand,C3,beta,-3.58589
-0.556,right_hand,C3,beta,-3.25976
-0.54,right_hand,C3,beta,-2.81942
-0.524,right_hand,C3,beta,-2.30334
-0.508,right_hand,C3,beta,-1.77763
-0.492,right_hand,C3,beta,-1.30974
-0.476,right_hand,C3,beta,-0.949332
-0.46,right_hand,C3,beta,-0.72146
-0.444,right_hand,C3,beta,-0.62742
-0.428,right_hand,C3,beta,-0.645775
-0.412,right_hand,C3,beta,-0.730827
-0.396,right_hand,C3,beta,-0.814557
-0.38,right_hand,C3,beta,-0.822243
-0.364,right_hand,C3,beta,-0.705665
-0.348,right_hand,C3,beta,-0.482476
-0.332,right_hand,C3,beta,-0.256452
-0.316,right_hand,C3,beta,-0.194019
-0.3,right_hand,C3,beta,-0.453404
-0.284,right_hand,C3,beta,-1.09395
-0.268,right_hand,C3,beta,-2.01427
-0.252,right_hand,C3,beta,-2.96138
-0.236,right_hand,C3,beta,-3.61839
-0.22,right_hand,C3,beta,-3.73407
-0.204,right_hand,C3,beta,-3.23065
-0.188,right_hand,C3,beta,-2.23487
-0.172,right_hand,C3,beta,-1.0179
-0.156,right_hand,C3,beta,0.121189
-0.14,right_hand,C3,beta,0.966706
-0.124,right_hand,C3,beta,1.43989
-0.108,right_hand,C3,beta,1.58029
-0.092,right_hand,C3,beta,1.48026
-0.076,right_hand,C3,beta,1.21652
-0.06,right_hand,C3,beta,0.814028
-0.044,right_hand,C3,beta,0.251921
-0.028,right_hand,C3,beta,-0.502238
-0.012,right_hand,C3,beta,-1.45412
0.004,right_hand,C3,beta,-2.55982
0.02,right_hand,C3,beta,-3.72575
0.036,right_hand,C3,beta,-4.82611
0.052,right_hand,C3,beta,-5.72746
0.068,right_hand,C3,beta,-6.31138
0.084,right_hand,C3,beta,-6.49237
0.1,right_hand,C3,beta,-6.23298
0.116,right_hand,C3,beta,-5.55752
0.132,right_hand,C3,beta,-4.55958
0.148,right_hand,C3,beta,-3.39281
0.164,right_hand,C3,beta,-2.23773
0.18,right_hand,C3,beta,-1.25074
0.196,right_hand,C3,beta,-0.518379
0.212,right_hand,C3,beta,-0.0437462
0.228,right_hand,C3,beta,0.223363
0.244,right_hand,C3,beta,0.328837
0.26,right_hand,C3,beta,0.26465
0.276,right_hand,C3,beta,-0.0411485
0.292,right_hand,C3,beta,-0.688749
0.308,right_hand,C3,beta,-1.74739
0.324,right_hand,C3,beta,-3.20617
0.34,right_hand,C3,beta,-4.95763
0.356,right_hand,C3,beta,-6.81591
0.372,right_hand,C3,beta,-8.55606
0.388,right_hand,C3,beta,-9.95991
0.404,right_hand,C3,beta,-10.8594
0.42,right_hand,C3,beta,-11.1728
0.436,right_hand,C3,beta,-10.9256
0.452,right_hand,C3,beta,-10.2482
0.468,right_hand,C3,beta,-9.34547
0.484,right_hand,C3,beta,-8.44394
0.5,right_hand,C3,beta,-7.73309
0.516,right_hand,C3,beta,-7.31818
0.532,right_hand,C3,beta,-7.19766
0.548,right_hand,C3,beta,-7.27023
0.564,right_hand,C3,beta,-7.36965
0.58,right_hand,C3,beta,-7.31972
0.596,right_hand,C3,beta,-6.99447
0.612,right_hand,C3,beta,-6.3639
0.628,right_hand,C3,beta,-5.50632
0.644,right_hand,C3,beta,-4.57997
0.66,right_hand,C3,beta,-3.76417
0.676,right_hand,C3,beta,-3.19456
0.692,right_hand,C3,beta,-2.91963
0.708,right_hand,C3,beta,-2.89478
0.724,right_hand,C3,beta,-3.01274
0.74,right_hand,C3,beta,-3.15406
0.756,right_hand,C3,beta,-3.23431
0.772,right_hand,C3,beta,-3.22751
0.788,right_hand,C3,beta,-3.1563
0.804,right_hand,C3,beta,-3.05549
0.82,right_hand,C3,beta,-2.92966
0.836,right_hand,C3,beta,-2.73077
0.852,right_hand,C3,beta,-2.3731
0.868,right_hand,C3,beta,-1.78287
0.884,right_hand,C3,beta,-0.958525
0.9,right_hand,C3,beta,-0.00663613
0.916,right_hand,C3,beta,0.873325
0.932,right_hand,C3,beta,1.45637
0.948,right_hand,C3,beta,1.58182
0.964,right_hand,C3,beta,1.21777
0.98,right_hand,C3,beta,0.461913
0.996,right_hand,C3,beta,-0.525228
1.012,right_hand,C3,beta,-1.61655
1.028,right_hand,C3,beta,-2.78551
1.044,right_hand,C3,beta,-4.10186
1.06,right_hand,C3,beta,-5.65919
1.076,right_hand,C3,beta,-7.48218
1.092,right_hand,C3,beta,-9.4741
1.108,right_hand,C3,beta,-11.4372
1.124,right_hand,C3,beta,-13.1507
1.14,right_hand,C3,beta,-14.4565
1.156,right_hand,C3,beta,-15.3021
1.172,right_hand,C3,beta,-15.7234
1.188,right_hand,C3,beta,-15.7847
1.204,right_hand,C3,beta,-15.5202
1.22,right_hand,C3,beta,-14.9074
1.236,right_hand,C3,beta,-13.8878
1.252,right_hand,C3,beta,-12.4176
1.268,right_hand,C3,beta,-10.5217
1.284,right_hand,C3,beta,-8.32552
1.3,right_hand,C3,beta,-6.05239
1.316,right_hand,C3,beta,-3.98569
1.332,right_hand,C3,beta,-2.40958
1.348,right_hand,C3,beta,-1.54464
1.364,right_hand,C3,beta,-1.49743
1.38,right_hand,C3,beta,-2.2385
1.396,right_hand,C3,beta,-3.61451
1.412,right_hand,C3,beta,-5.38946
1.428,right_hand,C3,beta,-7.30123
1.444,right_hand,C3,beta,-9.11744
1.46,right_hand,C3,beta,-10.6767
1.476,right_hand,C3,beta,-11.9068
1.492,right_hand,C3,beta,-12.8169
1.508,right_hand,C3,beta,-13.4697
1.524,right_hand,C3,beta,-13.9442
1.54,right_hand,C3,beta,-14.3041
1.556,right_hand,C3,beta,-14.5821
1.572,right_hand,C3,beta,-14.7845
1.588,right_hand,C3,beta,-14.9058
1.604,right_hand,C3,beta,-14.9452
1.62,right_hand,C3,beta,-14.9134
1.636,right_hand,C3,beta,-14.8288
1.652,right_hand,C3,beta,-14.7056
1.668,right_hand,C3,beta,-14.5417
1.684,right_hand,C3,beta,-14.3103
1.7,right_hand,C3,beta,-13.9579
1.716,right_hand,C3,beta,-13.4114
1.732,right_hand,C3,beta,-12.5918
1.748,right_hand,C3,beta,-11.4343
1.764,right_hand,C3,beta,-9.90917
1.78,right_hand,C3,beta,-8.04077
1.796,right_hand,C3,beta,-5.91842
1.812,right_hand,C3,beta,-3.69841
1.828,right_hand,C3,beta,-1.5926
1.844,right_hand,C3,beta,0.160329
1.86,right_hand,C3,beta,1.3425
1.876,right_hand,C3,beta,1.81475
1.892,right_hand,C3,beta,1.56567
1.908,right_hand,C3,beta,0.728857
1.924,right_hand,C3,beta,-0.443833
1.94,right_hand,C3,beta,-1.64609
1.956,right_hand,C3,beta,-2.59502
1.972,right_hand,C3,beta,-3.09655
1.988,right_hand,C3,beta,-3.08122
2.004,right_hand,C3,beta,-2.60686
2.02,right_hand,C3,beta,-1.83528
2.036,right_hand,C3,beta,-0.993682
2.052,right_hand,C3,beta,-0.330724
2.068,right_hand,C3,beta,-0.0731631
2.084,right_hand,C3,beta,-0.385519
2.1,right_hand,C3,beta,-1.33422
2.116,right_hand,C3,beta,-2.86144
2.132,right_hand,C3,beta,-4.77951
2.148,right_hand,C3,beta,-6.79826
2.164,right_hand,C3,beta,-8.58879
2.18,right_hand,C3,beta,-9.87054
2.196,right_hand,C3,beta,-10.4922
2.212,right_hand,C3,beta,-10.4729
2.228,right_hand,C3,beta,-9.9842
2.244,right_hand,C3,beta,-9.27589
2.26,right_hand,C3,beta,-8.57756
2.276,right_hand,C3,beta,-8.01609
2.292,right_hand,C3,beta,-7.58458
2.308,right_hand,C3,beta,-7.17305
2.324,right_hand,C3,beta,-6.64232
2.34,right_hand,C3,beta,-5.90359
2.356,right_hand,C3,beta,-4.96598
2.372,right_hand,C3,beta,-3.93347
2.388,right_hand,C3,beta,-2.95881
2.404,right_hand,C3,beta,-2.18147
2.42,right_hand,C3,beta,-1.67944
2.436,right_hand,C3,beta,-1.45239
2.452,right_hand,C3,beta,-1.43458
2.468,right_hand,C3,beta,-1.52319
2.484,right_hand,C3,beta,-1.60679
2.5,right_hand,C3,beta,-1.58808
2.516,right_hand,C3,beta,-1.40453
2.532,right_hand,C3,beta,-1.0517
2.548,right_hand,C3,beta,-0.605273
2.564,right_hand,C3,beta,-0.226618
2.58,right_hand,C3,beta,-0.13512
2.596,right_hand,C3,beta,-0.543872
2.612,right_hand,C3,beta,-1.57687
2.628,right_hand,C3,beta,-3.20255
2.644,right_hand,C3,beta,-5.21733
2.66,right_hand,C3,beta,-7.29292
2.676,right_hand,C3,beta,-9.07153
2.692,right_hand,C3,beta,-10.2715
2.708,right_hand,C3,beta,-10.7616
2.724,right_hand,C3,beta,-10.5787
2.74,right_hand,C3,beta,-9.88686
2.756,right_hand,C3,beta,-8.90086
2.772,right_hand,C3,beta,-7.80479
2.788,right_hand,C3,beta,-6.69578
2.804,right_hand,C3,beta,-5.56998
2.82,right_hand,C3,beta,-4.35245
2.836,right_hand,C3,beta,-2.95702
2.852,right_hand,C3,beta,-1.35219
2.868,right_hand,C3,beta,0.393093
2.884,right_hand,C3,beta,2.10281
2.9,right_hand,C3,beta,3.53119
2.916,right_hand,C3,beta,4.43194
2.932,right_hand,C3,beta,4.63375
2.948,right_hand,C3,beta,4.09325
2.964,right_hand,C3,beta,2.90545
2.98,right_hand,C3,beta,1.27089
2.996,right_hand,C3,beta,-0.563428
3.012,right_hand,C3,beta,-2.36567
3.028,right_hand,C3,beta,-3.96515
3.044,right_hand,C3,beta,-5.27602
3.06,right_hand,C3,beta,-6.29901
3.076,right_hand,C3,beta,-7.10365
3.092,right_hand,C3,beta,-7.79376
3.108,right_hand,C3,beta,-8.46293
3.124,right_hand,C3,beta,-9.1522
3.14,right_hand,C3,beta,-9.82405
3.156,right_hand,C3,beta,-10.3631
3.172,right_hand,C3,beta,-10.6058
3.188,right_hand,C3,beta,-10.3923
3.204,right_hand,C3,beta,-9.62424
3.22,right_hand,C3,beta,-8.30751
3.236,right_hand,C3,beta,-6.56222
3.252,right_hand,C3,beta,-4.59226
3.268,right_hand,C3,beta,-2.62754
3.284,right_hand,C3,beta,-0.865974
3.3,right_hand,C3,beta,0.557622
3.316,right_hand,C3,beta,1.56611
3.332,right_hand,C3,beta,2.11228
3.348,right_hand,C3,beta,2.15669
3.364,right_hand,C3,beta,1.67275
3.38,right_hand,C3,beta,0.678226
3.396,right_hand,C3,beta,-0.729113
3.412,right_hand,C3,beta,-2.3598
3.428,right_hand,C3,beta,-3.96001
3.444,right_hand,C3,beta,-5.27032
3.46,right_hand,C3,beta,-6.09182
3.476,right_hand,C3,beta,-6.33312
3.492,right_hand,C3,beta,-6.02338
3.508,right_hand,C3,beta,-5.29253
3.524,right_hand,C3,beta,-4.33091
3.54,right_hand,C3,beta,-3.3444
3.556,right_hand,C3,beta,-2.5166
3.572,right_hand,C3,beta,-1.98315
3.588,right_hand,C3,beta,-1.81732
3.604,right_hand,C3,beta,-2.02423
3.62,right_hand,C3,beta,-2.54311
3.636,right_hand,C3,beta,-3.26076
3.652,right_hand,C3,beta,-4.03987
3.668,right_hand,C3,beta,-4.76019
3.684,right_hand,C3,beta,-5.35969
3.7,right_hand,C3,beta,-5.85452
3.716,right_hand,C3,beta,-6.3191
3.732,right_hand,C3,beta,-6.82597
3.748,right_hand,C3,beta,-7.37147
3.764,right_hand,C3,beta,-7.8309
3.78,right_hand,C3,beta,-7.97959
3.796,right_hand,C3,beta,-7.58282
3.812,right_hand,C3,beta,-6.51647
3.828,right_hand,C3,beta,-4.85709
3.844,right_hand,C3,beta,-2.89177
3.86,right_hand,C3,beta,-1.03811
3.876,right_hand,C3,beta,0.292029
3.892,right_hand,C3,beta,0.826727
3.908,right_hand,C3,beta,0.513844
3.924,right_hand,C3,beta,-0.478656
3.94,right_hand,C3,beta,-1.83376
3.956,right_hand,C3,beta,-3.19537
3.972,right_hand,C3,beta,-4.27637
3.988,right_hand,C3,beta,-4.93044
-0.988,right_hand,C4,mu,-0.288554
-0.972,right_hand,C4,mu,0.864198
-0.956,right_hand,C4,mu,2.26266
-0.94,right_hand,C4,mu,3.96361
-0.924,right_hand,C4,mu,5.93422
-0.908,right_hand,C4,mu,8.0153
-0.892,right_hand,C4,mu,9.92922
-0.876,right_hand,C4,mu,11.341
-0.86,right_hand,C4,mu,11.9562
-0.844,right_hand,C4,mu,11.6198
-0.828,right_hand,C4,mu,10.3765
-0.812,right_hand,C4,mu,8.46656
-0.796,right_hand,C4,mu,6.25829
-0.78,right_hand,C4,mu,4.14232
-0.764,right_hand,C4,mu,2.42732
-0.748,right_hand,C4,mu,1.27123
-0.732,right_hand,C4,mu,0.6651
-0.716,right_hand,C4,mu,0.46553
-0.7,right_hand,C4,mu,0.45687
-0.684,right_hand,C4,mu,0.419716
-0.668,right_hand,C4,mu,0.186381
-0.652,right_hand,C4,mu,-0.328049
-0.636,right_hand,C4,mu,-1.12206
-0.62,right_hand,C4,mu,-2.12753
-0.604,right_hand,C4,mu,-3.2433
-0.588,right_hand,C4,mu,-4.36964
-0.572,right_hand,C4,mu,-5.43162
-0.556,right_hand,C4,mu,-6.38488
-0.54,right_hand,C4,mu,-7.20596
-0.524,right_hand,C4,mu,-7.87614
-0.508,right_hand,C4,mu,-8.36953
-0.492,right_hand,C4,mu,-8.65163
-0.476,right_hand,C4,mu,-8.68779
-0.46,right_hand,C4,mu,-8.45535
-0.444,right_hand,C4,mu,-7.95269
-0.428,right_hand,C4,mu,-7.20194
-0.412,right_hand,C4,mu,-6.24627
-0.396,right_hand,C4,mu,-5.14482
-0.38,right_hand,C4,mu,-3.96773
-0.364,right_hand,C4,mu,-2.79151
-0.348,right_hand,C4,mu,-1.69319
-0.332,right_hand,C4,mu,-0.742407
-0.316,right_hand,C4,mu,0.0084551
-0.3,right_hand,C4,mu,0.534094
-0.284,right_hand,C4,mu,0.843543
-0.268,right_hand,C4,mu,0.982434
-0.252,right_hand,C4,mu,1.02839
-0.236,right_hand,C4,mu,1.0785
-0.22,right_hand,C4,mu,1.22972
-0.204,right_hand,C4,mu,1.5555
-0.188,right_hand,C4,mu,2.08546
-0.172,right_hand,C4,mu,2.79541
-0.156,right_hand,C4,mu,3.61288
-0.14,right_hand,C4,mu,4.43728
-0.124,right_hand,C4,mu,5.16686
-0.108,right_hand,C4,mu,5.7219
-0.092,right_hand,C4,mu,6.05538
-0.076,right_hand,C4,mu,6.14981
-0.06,right_hand,C4,mu,6.00656
-0.044,right_hand,C4,mu,5.63732
-0.028,right_hand,C4,mu,5.06464
-0.012,right_hand,C4,mu,4.33071
0.004,right_hand,C4,mu,3.50699
0.02,right_hand,C4,mu,2.6955
0.036,right_hand,C4,mu,2.01726
0.052,right_hand,C4,mu,1.59121
0.068,right_hand,C4,mu,1.51225
0.084,right_hand,C4,mu,1.83678
0.1,right_hand,C4,mu,2.57893
0.116,right_hand,C4,mu,3.71481
0.132,right_hand,C4,mu,5.18984
0.148,right_hand,C4,mu,6.92625
0.164,right_hand,C4,mu,8.83147
0.18,right_hand,C4,mu,10.8088
0.196,right_hand,C4,mu,12.769
0.212,right_hand,C4,mu,14.6378
0.228,right_hand,C4,mu,16.3541
0.244,right_hand,C4,mu,17.8589
0.26,right_hand,C4,mu,19.0825
0.276,right_hand,C4,mu,19.9388
0.292,right_hand,C4,mu,20.3335
0.308,right_hand,C4,mu,20.1829
0.324,right_hand,C4,mu,19.4341
0.34,right_hand,C4,mu,18.0747
0.356,right_hand,C4,mu,16.1308
0.372,right_hand,C4,mu,13.6566
0.388,right_hand,C4,mu,10.7257
0.404,right_hand,C4,mu,7.42758
0.42,right_hand,C4,mu,3.87113
0.436,right_hand,C4,mu,0.185493
0.452,right_hand,C4,mu,-3.48626
0.468,right_hand,C4,mu,-7.00331
0.484,right_hand,C4,mu,-10.248
0.5,right_hand,C4,mu,-13.1428
0.516,right_hand,C4,mu,-15.6558
0.532,right_hand,C4,mu,-17.793
0.548,right_hand,C4,mu,-19.5829
0.564,right_hand,C4,mu,-21.0617
0.58,right_hand,C4,mu,-22.269
0.596,right_hand,C4,mu,-23.2544
0.612,right_hand,C4,mu,-24.0894
0.628,right_hand,C4,mu,-24.8726
0.644,right_hand,C4,mu,-25.7178
0.66,right_hand,C4,mu,-26.7203
0.676,right_hand,C4,mu,-27.9114
0.692,right_hand,C4,mu,-29.2175
0.708,right_hand,C4,mu,-30.4465
0.724,right_hand,C4,mu,-31.3156
0.74,right_hand,C4,mu,-31.5199
0.756,right_hand,C4,mu,-30.8256
0.772,right_hand,C4,mu,-29.1566
0.788,right_hand,C4,mu,-26.6429
0.804,right_hand,C4,mu,-23.612
0.82,right_hand,C4,mu,-20.5216
0.836,right_hand,C4,mu,-17.8542
0.852,right_hand,C4,mu,-16.0065
0.868,right_hand,C4,mu,-15.2046
0.884,right_hand,C4,mu,-15.4688
0.9,right_hand,C4,mu,-16.6305
0.916,right_hand,C4,mu,-18.3906
0.932,right_hand,C4,mu,-20.3994
0.948,right_hand,C4,mu,-22.3327
0.964,right_hand,C4,mu,-23.9501
0.98,right_hand,C4,mu,-25.1236
0.996,right_hand,C4,mu,-25.8377
1.012,right_hand,C4,mu,-26.1656
1.028,right_hand,C4,mu,-26.2312
1.044,right_hand,C4,mu,-26.1681
1.06,right_hand,C4,mu,-26.0857
1.076,right_hand,C4,mu,-26.0507
1.092,right_hand,C4,mu,-26.0874
1.108,right_hand,C4,mu,-26.1914
1.124,right_hand,C4,mu,-26.3471
1.14,right_hand,C4,mu,-26.5406
1.156,right_hand,C4,mu,-26.7596
1.172,right_hand,C4,mu,-26.9852
1.188,right_hand,C4,mu,-27.1831
1.204,right_hand,C4,mu,-27.3035
1.22,right_hand,C4,mu,-27.2929
1.236,right_hand,C4,mu,-27.1126
1.252,right_hand,C4,mu,-26.7525
1.268,right_hand,C4,mu,-26.233
1.284,right_hand,C4,mu,-25.5915
1.3,right_hand,C4,mu,-24.8633
1.316,right_hand,C4,mu,-24.0664
1.332,right_hand,C4,mu,-23.201
1.348,right_hand,C4,mu,-22.263
1.364,right_hand,C4,mu,-21.2645
1.38,right_hand,C4,mu,-20.2501
1.396,right_hand,C4,mu,-19.3002
1.412,right_hand,C4,mu,-18.52
1.428,right_hand,C4,mu,-18.0178
1.444,right_hand,C4,mu,-17.8798
1.46,right_hand,C4,mu,-18.1468
1.476,right_hand,C4,mu,-18.7951
1.492,right_hand,C4,mu,-19.726
1.508,right_hand,C4,mu,-20.7649
1.524,right_hand,C4,mu,-21.6796
1.54,right_hand,C4,mu,-22.218
1.556,right_hand,C4,mu,-22.1657
1.572,right_hand,C4,mu,-21.4075
1.588,right_hand,C4,mu,-19.9743
1.604,right_hand,C4,mu,-18.0538
1.62,right_hand,C4,mu,-15.955
1.636,right_hand,C4,mu,-14.0353
1.652,right_hand,C4,mu,-12.6116
1.668,right_hand,C4,mu,-11.8846
1.684,right_hand,C4,mu,-11.8998
1.7,right_hand,C4,mu,-12.5542
1.716,right_hand,C4,mu,-13.6426
1.732,right_hand,C4,mu,-14.9225
1.748,right_hand,C4,mu,-16.176
1.764,right_hand,C4,mu,-17.2502
1.78,right_hand,C4,mu,-18.0696
1.796,right_hand,C4,mu,-18.6238
1.812,right_hand,C4,mu,-18.9402
1.828,right_hand,C4,mu,-19.0551
1.844,right_hand,C4,mu,-18.991
1.86,right_hand,C4,mu,-18.7461
1.876,right_hand,C4,mu,-18.2984
1.892,right_hand,C4,mu,-17.6211
1.908,right_hand,C4,mu,-16.7056
1.924,right_hand,C4,mu,-15.5813
1.94,right_hand,C4,mu,-14.3238
1.956,right_hand,C4,mu,-13.0435
1.972,right_hand,C4,mu,-11.8577
1.988,right_hand,C4,mu,-10.8553
2.004,right_hand,C4,mu,-10.0687
2.02,right_hand,C4,mu,-9.46367
2.036,right_hand,C4,mu,-8.95026
2.052,right_hand,C4,mu,-8.41232
2.068,right_hand,C4,mu,-7.74438
2.084,right_hand,C4,mu,-6.88585
2.1,right_hand,C4,mu,-5.84241
2.116,right_hand,C4,mu,-4.68793
2.132,right_hand,C4,mu,-3.54496
2.148,right_hand,C4,mu,-2.54784
2.164,right_hand,C4,mu,-1.79946
2.18,right_hand,C4,mu,-1.33658
2.196,right_hand,C4,mu,-1.11787
2.212,right_hand,C4,mu,-1.04073
2.228,right_hand,C4,mu,-0.982017
2.244,right_hand,C4,mu,-0.847407
2.26,right_hand,C4,mu,-0.609825
2.276,right_hand,C4,mu,-0.321254
2.292,right_hand,C4,mu,-0.0923141
2.308,right_hand,C4,mu,-0.0468289
2.324,right_hand,C4,mu,-0.268979
2.34,right_hand,C4,mu,-0.764798
2.356,right_hand,C4,mu,-1.45525
2.372,right_hand,C4,mu,-2.20585
2.388,right_hand,C4,mu,-2.88193
2.404,right_hand,C4,mu,-3.40669
2.42,right_hand,C4,mu,-3.79635
2.436,right_hand,C4,mu,-4.15666
2.452,right_hand,C4,mu,-4.64214
2.468,right_hand,C4,mu,-5.39674
2.484,right_hand,C4,mu,-6.50186
2.5,right_hand,C4,mu,-7.95299
2.516,right_hand,C4,mu,-9.67071
2.532,right_hand,C4,mu,-11.5361
2.548,right_hand,C4,mu,-13.4306
2.564,right_hand,C4,mu,-15.2629
2.58,right_hand,C4,mu,-16.974
2.596,right_hand,C4,mu,-18.5261
2.612,right_hand,C4,mu,-19.8844
2.628,right_hand,C4,mu,-21.0032
2.644,right_hand,C4,mu,-21.8225
2.66,right_hand,C4,mu,-22.2731
2.676,right_hand,C4,mu,-22.289
2.692,right_hand,C4,mu,-21.8231
2.708,right_hand,C4,mu,-20.8633
2.724,right_hand,C4,mu,-19.446
2.74,right_hand,C4,mu,-17.6638
2.756,right_hand,C4,mu,-15.6615
2.772,right_hand,C4,mu,-13.6219
2.788,right_hand,C4,mu,-11.7421
2.804,right_hand,C4,mu,-10.2076
2.82,right_hand,C4,mu,-9.1691
2.836,right_hand,C4,mu,-8.72798
2.852,right_hand,C4,mu,-8.92909
2.868,right_hand,C4,mu,-9.75977
2.884,right_hand,C4,mu,-11.1497
2.9,right_hand,C4,mu,-12.9689
2.916,right_hand,C4,mu,-15.0257
2.932,right_hand,C4,mu,-17.0723
2.948,right_hand,C4,mu,-18.8276
2.964,right_hand,C4,mu,-20.0223
2.98,right_hand,C4,mu,-20.46
2.996,right_hand,C4,mu,-20.0731
3.012,right_hand,C4,mu,-18.9491
3.028,right_hand,C4,mu,-17.3091
3.044,right_hand,C4,mu,-15.4407
3.06,right_hand,C4,mu,-13.608
3.076,right_hand,C4,mu,-11.9755
3.092,right_hand,C4,mu,-10.5758
3.108,right_hand,C4,mu,-9.33323
3.124,right_hand,C4,mu,-8.12991
3.14,right_hand,C4,mu,-6.88361
3.156,right_hand,C4,mu,-5.60249
3.172,right_hand,C4,mu,-4.39462
3.188,right_hand,C4,mu,-3.42995
3.204,right_hand,C4,mu,-2.87268
3.22,right_hand,C4,mu,-2.81326
3.236,right_hand,C4,mu,-3.22858
3.252,right_hand,C4,mu,-3.9873
3.268,right_hand,C4,mu,-4.89897
3.284,right_hand,C4,mu,-5.7879
3.3,right_hand,C4,mu,-6.56203
3.316,right_hand,C4,mu,-7.24802
3.332,right_hand,C4,mu,-7.97707
3.348,right_hand,C4,mu,-8.92625
3.364,right_hand,C4,mu,-10.2396
3.38,right_hand,C4,mu,-11.9616
3.396,right_hand,C4,mu,-14.0108
3.412,right_hand,C4,mu,-16.203
3.428,right_hand,C4,mu,-18.3115
3.444,right_hand,C4,mu,-20.139
3.46,right_hand,C4,mu,-21.5703
3.476,right_hand,C4,mu,-22.5889
3.492,right_hand,C4,mu,-23.2557
3.508,right_hand,C4,mu,-23.6659
3.524,right_hand,C4,mu,-23.9058
3.54,right_hand,C4,mu,-24.0263
3.556,right_hand,C4,mu,-24.0395
3.572,right_hand,C4,mu,-23.9321
3.588,right_hand,C4,mu,-23.6842
3.604,right_hand,C4,mu,-23.2833
3.62,right_hand,C4,mu,-22.7296
3.636,right_hand,C4,mu,-22.0346
3.652,right_hand,C4,mu,-21.2168
3.668,right_hand,C4,mu,-20.2969
3.684,right_hand,C4,mu,-19.2936
3.7,right_hand,C4,mu,-18.2164
3.716,right_hand,C4,mu,-17.0566
3.732,right_hand,C4,mu,-15.7782
3.748,right_hand,C4,mu,-14.3153
3.764,right_hand,C4,mu,-12.5796
3.78,right_hand,C4,mu,-10.4815
3.796,right_hand,C4,mu,-7.96167
3.812,right_hand,C4,mu,-5.02514
3.828,right_hand,C4,mu,-1.76573
3.844,right_hand,C4,mu,1.62775
3.86,right_hand,C4,mu,4.89063
3.876,right_hand,C4,mu,7.72493
3.892,right_hand,C4,mu,9.85668
3.908,right_hand,C4,mu,11.093
3.924,right_hand,C4,mu,11.3623
3.94,right_hand,C4,mu,10.7267
3.956,right_hand,C4,mu,9.36325
3.972,right_hand,C4,mu,7.5214
3.988,right_hand,C4,mu,5.47078
-0.988,right_hand,C4,beta,13.463
-0.972,right_hand,C4,beta,13.8262
-0.956,right_hand,C4,beta,14.1479
-0.94,right_hand,C4,beta,14.5979
-0.924,right_hand,C4,beta,15.2271
-0.908,right_hand,C4,beta,15.9342
-0.892,right_hand,C4,beta,16.486
-0.876,right_hand,C4,beta,16.582
-0.86,right_hand,C4,beta,15.9399
-0.844,right_hand,C4,beta,14.38
-0.828,right_hand,C4,beta,11.8862
-0.812,right_hand,C4,beta,8.62814
-0.796,right_hand,C4,beta,4.93415
-0.78,right_hand,C4,beta,1.22064
-0.764,right_hand,C4,beta,-2.10357
-0.748,right_hand,C4,beta,-4.72947
-0.732,right_hand,C4,beta,-6.50938
-0.716,right_hand,C4,beta,-7.47098
-0.7,right_hand,C4,beta,-7.78312
-0.684,right_hand,C4,beta,-7.68718
-0.668,right_hand,C4,beta,-7.4183
-0.652,right_hand,C4,beta,-7.14225
-0.636,right_hand,C4,beta,-6.92616
-0.62,right_hand,C4,beta,-6.74784
-0.604,right_hand,C4,beta,-6.53392
-0.588,right_hand,C4,beta,-6.2081
-0.572,right_hand,C4,beta,-5.72939
-0.556,right_hand,C4,beta,-5.10707
-0.54,right_hand,C4,beta,-4.39085
-0.524,right_hand,C4,beta,-3.64728
-0.508,right_hand,C4,beta,-2.93923
-0.492,right_hand,C4,beta,-2.31994
-0.476,right_hand,C4,beta,-1.84005
-0.46,right_hand,C4,beta,-1.55407
-0.444,right_hand,C4,beta,-1.51277
-0.428,right_hand,C4,beta,-1.73998
-0.412,right_hand,C4,beta,-2.20785
-0.396,right_hand,C4,beta,-2.83039
-0.38,right_hand,C4,beta,-3.48705
-0.364,right_hand,C4,beta,-4.06907
-0.348,right_hand,C4,beta,-4.52507
-0.332,right_hand,C4,beta,-4.8791
-0.316,right_hand,C4,beta,-5.20763
-0.3,right_hand,C4,beta,-5.58454
-0.284,right_hand,C4,beta,-6.02179
-0.268,right_hand,C4,beta,-6.43749
-0.252,right_hand,C4,beta,-6.67081
-0.236,right_hand,C4,beta,-6.54083
-0.22,right_hand,C4,beta,-5.92552
-0.204,right_hand,C4,beta,-4.82527
-0.188,right_hand,C4,beta,-3.38011
-0.172,right_hand,C4,beta,-1.82903
-0.156,right_hand,C4,beta,-0.427834
-0.14,right_hand,C4,beta,0.637324
-0.124,right_hand,C4,beta,1.30102
-0.108,right_hand,C4,beta,1.61426
-0.092,right_hand,C4,beta,1.6933
-0.076,right_hand,C4,beta,1.65106
-0.06,right_hand,C4,beta,1.54324
-0.044,right_hand,C4,beta,1.34842
-0.028,right_hand,C4,beta,0.984509
-0.012,right_hand,C4,beta,0.350646
0.004,right_hand,C4,beta,-0.622127
0.02,right_hand,C4,beta,-1.92937
0.036,right_hand,C4,beta,-3.4752
0.052,right_hand,C4,beta,-5.08349
0.068,right_hand,C4,beta,-6.53282
0.084,right_hand,C4,beta,-7.6022
0.1,right_hand,C4,beta,-8.11518
0.116,right_hand,C4,beta,-7.97649
0.132,right_hand,C4,beta,-7.19912
0.148,right_hand,C4,beta,-5.91668
0.164,right_hand,C4,beta,-4.36996
0.18,right_hand,C4,beta,-2.85865
0.196,right_hand,C4,beta,-1.66385
0.212,right_hand,C4,beta,-0.967248
0.228,right_hand,C4,beta,-0.802048
0.244,right_hand,C4,beta,-1.05954
0.26,right_hand,C4,beta,-1.54779
0.276,right_hand,C4,beta,-2.07197
0.292,right_hand,C4,beta,-2.49767
0.308,right_hand,C4,beta,-2.77319
0.324,right_hand,C4,beta,-2.91327
0.34,right_hand,C4,beta,-2.96679
0.356,right_hand,C4,beta,-2.99126
0.372,right_hand,C4,beta,-3.04264
0.388,right_hand,C4,beta,-3.17268
0.404,right_hand,C4,beta,-3.42148
0.42,right_hand,C4,beta,-3.80163
0.436,right_hand,C4,beta,-4.28363
0.452,right_hand,C4,beta,-4.79702
0.468,right_hand,C4,beta,-5.25465
0.484,right_hand,C4,beta,-5.59142
0.5,right_hand,C4,beta,-5.79681
0.516,right_hand,C4,beta,-5.92123
0.532,right_hand,C4,beta,-6.05079
0.548,right_hand,C4,beta,-6.26409
0.564,right_hand,C4,beta,-6.59525
0.58,right_hand,C4,beta,-7.02297
0.596,right_hand,C4,beta,-7.48862
0.612,right_hand,C4,beta,-7.92913
0.628,right_hand,C4,beta,-8.30314
0.644,right_hand,C4,beta,-8.59602
0.66,right_hand,C4,beta,-8.80494
0.676,right_hand,C4,beta,-8.91759
0.692,right_hand,C4,beta,-8.90072
0.708,right_hand,C4,beta,-8.70536
0.724,right_hand,C4,beta,-8.2845
0.74,right_hand,C4,beta,-7.61204
0.756,right_hand,C4,beta,-6.6933
0.772,right_hand,C4,beta,-5.56374
0.788,right_hand,C4,beta,-4.27855
0.804,right_hand,C4,beta,-2.89901
0.82,right_hand,C4,beta,-1.48139
0.836,right_hand,C4,beta,-0.0727916
0.852,right_hand,C4,beta,1.28419
0.868,right_hand,C4,beta,2.54026
0.884,right_hand,C4,beta,3.62822
0.9,right_hand,C4,beta,4.4612
0.916,right_hand,C4,beta,4.94717
0.932,right_hand,C4,beta,5.0184
0.948,right_hand,C4,beta,4.66403
0.964,right_hand,C4,beta,3.94747
0.98,right_hand,C4,beta,2.99389
0.996,right_hand,C4,beta,1.94701
1.012,right_hand,C4,beta,0.912094
1.028,right_hand,C4,beta,-0.0870748
1.044,right_hand,C4,beta,-1.11289
1.06,right_hand,C4,beta,-2.27538
1.076,right_hand,C4,beta,-3.669
1.092,right_hand,C4,beta,-5.31704
1.108,right_hand,C4,beta,-7.15062
1.124,right_hand,C4,beta,-9.0283
1.14,right_hand,C4,beta,-10.7797
1.156,right_hand,C4,beta,-12.2475
1.172,right_hand,C4,beta,-13.3081
1.188,right_hand,C4,beta,-13.8719
1.204,right_hand,C4,beta,-13.8751
1.22,right_hand,C4,beta,-13.2802
1.236,right_hand,C4,beta,-12.0924
1.252,right_hand,C4,beta,-10.3804
1.268,right_hand,C4,beta,-8.28737
1.284,right_hand,C4,beta,-6.0196
1.3,right_hand,C4,beta,-3.81486
1.316,right_hand,C4,beta,-1.9027
1.332,right_hand,C4,beta,-0.470517
1.348,right_hand,C4,beta,0.357348
1.364,right_hand,C4,beta,0.526964
1.38,right_hand,C4,beta,0.0513718
1.396,right_hand,C4,beta,-1.00091
1.412,right_hand,C4,beta,-2.52218
1.428,right_hand,C4,beta,-4.38252
1.444,right_hand,C4,beta,-6.44364
1.46,right_hand,C4,beta,-8.56869
1.476,right_hand,C4,beta,-10.6301
1.492,right_hand,C4,beta,-12.5174
1.508,right_hand,C4,beta,-14.1457
1.524,right_hand,C4,beta,-15.4611
1.54,right_hand,C4,beta,-16.4433
1.556,right_hand,C4,beta,-17.1017
1.572,right_hand,C4,beta,-17.4681
1.588,right_hand,C4,beta,-17.5871
1.604,right_hand,C4,beta,-17.5076
1.62,right_hand,C4,beta,-17.2764
1.636,right_hand,C4,beta,-16.9378
1.652,right_hand,C4,beta,-16.5341
1.668,right_hand,C4,beta,-16.1044
1.684,right_hand,C4,beta,-15.6763
1.7,right_hand,C4,beta,-15.2521
1.716,right_hand,C4,beta,-14.7952
1.732,right_hand,C4,beta,-14.232
1.748,right_hand,C4,beta,-13.4716
1.764,right_hand,C4,beta,-12.4423
1.78,right_hand,C4,beta,-11.1262
1.796,right_hand,C4,beta,-9.57833
1.812,right_hand,C4,beta,-7.91929
1.828,right_hand,C4,beta,-6.30545
1.844,right_hand,C4,beta,-4.88632
1.86,right_hand,C4,beta,-3.76209
1.876,right_hand,C4,beta,-2.95459
1.892,right_hand,C4,beta,-2.40286
1.908,right_hand,C4,beta,-1.98913
1.924,right_hand,C4,beta,-1.58889
1.94,right_hand,C4,beta,-1.1253
1.956,right_hand,C4,beta,-0.601784
1.972,right_hand,C4,beta,-0.0947484
1.988,right_hand,C4,beta,0.290655
2.004,right_hand,C4,beta,0.477667
2.02,right_hand,C4,beta,0.455264
2.036,right_hand,C4,beta,0.27448
2.052,right_hand,C4,beta,0.007296
2.068,right_hand,C4,beta,-0.305002
2.084,right_hand,C4,beta,-0.680136
2.1,right_hand,C4,beta,-1.18019
2.116,right_hand,C4,beta,-1.86125
2.132,right_hand,C4,beta,-2.71732
2.148,right_hand,C4,beta,-3.65268
2.164,right_hand,C4,beta,-4.50068
2.18,right_hand,C4,beta,-5.08013
2.196,right_hand,C4,beta,-5.26178
2.212,right_hand,C4,beta,-5.01404
2.228,right_hand,C4,beta,-4.41077
2.244,right_hand,C4,beta,-3.60224
2.26,right_hand,C4,beta,-2.76436
2.276,right_hand,C4,beta,-2.04639
2.292,right_hand,C4,beta,-1.53408
2.308,right_hand,C4,beta,-1.23741
2.324,right_hand,C4,beta,-1.1035
2.34,right_hand,C4,beta,-1.04736
2.356,right_hand,C4,beta,-0.988347
2.372,right_hand,C4,beta,-0.879037
2.388,right_hand,C4,beta,-0.716944
2.404,right_hand,C4,beta,-0.537012
2.42,right_hand,C4,beta,-0.39127
2.436,right_hand,C4,beta,-0.326752
2.452,right_hand,C4,beta,-0.370818
2.468,right_hand,C4,beta,-0.526368
2.484,right_hand,C4,beta,-0.77338
2.5,right_hand,C4,beta,-1.07277
2.516,right_hand,C4,beta,-1.37265
2.532,right_hand,C4,beta,-1.62034
2.548,right_hand,C4,beta,-1.78152
2.564,right_hand,C4,beta,-1.86024
2.58,right_hand,C4,beta,-1.90801
2.596,right_hand,C4,beta,-2.01157
2.612,right_hand,C4,beta,-2.25891
2.628,right_hand,C4,beta,-2.69678
2.644,right_hand,C4,beta,-3.29983
2.66,right_hand,C4,beta,-3.96858
2.676,right_hand,C4,beta,-4.55987
2.692,right_hand,C4,beta,-4.93795
2.708,right_hand,C4,beta,-5.02482
2.724,right_hand,C4,beta,-4.82925
2.74,right_hand,C4,beta,-4.44331
2.756,right_hand,C4,beta,-4.00933
2.772,right_hand,C4,beta,-3.67044
2.788,right_hand,C4,beta,-3.52343
2.804,right_hand,C4,beta,-3.59018
2.82,right_hand,C4,beta,-3.81688
2.836,right_hand,C4,beta,-4.10058
2.852,right_hand,C4,beta,-4.3333
2.868,right_hand,C4,beta,-4.44821
2.884,right_hand,C4,beta,-4.45053
2.9,right_hand,C4,beta,-4.41993
2.916,right_hand,C4,beta,-4.48047
2.932,right_hand,C4,beta,-4.7481
2.948,right_hand,C4,beta,-5.27875
2.964,right_hand,C4,beta,-6.04219
2.98,right_hand,C4,beta,-6.93558
2.996,right_hand,C4,beta,-7.82831
3.012,right_hand,C4,beta,-8.61292
3.028,right_hand,C4,beta,-9.23579
3.044,right_hand,C4,beta,-9.69763
3.06,right_hand,C4,beta,-10.0324
3.076,right_hand,C4,beta,-10.2824
3.092,right_hand,C4,beta,-10.4819
3.108,right_hand,C4,beta,-10.6501
3.124,right_hand,C4,beta,-10.789
3.14,right_hand,C4,beta,-10.8824
3.156,right_hand,C4,beta,-10.9006
3.172,right_hand,C4,beta,-10.8121
3.188,right_hand,C4,beta,-10.6022
3.204,right_hand,C4,beta,-10.287
3.22,right_hand,C4,beta,-9.91205
3.236,right_hand,C4,beta,-9.53416
3.252,right_hand,C4,beta,-9.19541
3.268,right_hand,C4,beta,-8.90764
3.284,right_hand,C4,beta,-8.65912
3.3,right_hand,C4,beta,-8.4409
3.316,right_hand,C4,beta,-8.2759
3.332,right_hand,C4,beta,-8.2301
3.348,right_hand,C4,beta,-8.39475
3.364,right_hand,C4,beta,-8.84574
3.38,right_hand,C4,beta,-9.60048
3.396,right_hand,C4,beta,-10.595
3.412,right_hand,C4,beta,-11.6938
3.428,right_hand,C4,beta,-12.7274
3.444,right_hand,C4,beta,-13.5411
3.46,right_hand,C4,beta,-14.0314
3.476,right_hand,C4,beta,-14.1591
3.492,right_hand,C4,beta,-13.9378
3.508,right_hand,C4,beta,-13.4107
3.524,right_hand,C4,beta,-12.6285
3.54,right_hand,C4,beta,-11.6395
3.556,right_hand,C4,beta,-10.4902
3.572,right_hand,C4,beta,-9.23163
3.588,right_hand,C4,beta,-7.92159
3.604,right_hand,C4,beta,-6.61809
3.62,right_hand,C4,beta,-5.36437
3.636,right_hand,C4,beta,-4.17394
3.652,right_hand,C4,beta,-3.02744
3.668,right_hand,C4,beta,-1.89064
3.684,right_hand,C4,beta,-0.751369
3.7,right_hand,C4,beta,0.341098
3.716,right_hand,C4,beta,1.25881
3.732,right_hand,C4,beta,1.81792
3.748,right_hand,C4,beta,1.83842
3.764,right_hand,C4,beta,1.21483
3.78,right_hand,C4,beta,-0.0370141
3.796,right_hand,C4,beta,-1.78021
3.812,right_hand,C4,beta,-3.80164
3.828,right_hand,C4,beta,-5.87676
3.844,right_hand,C4,beta,-7.82392
3.86,right_hand,C4,beta,-9.5291
3.876,right_hand,C4,beta,-10.9398
3.892,right_hand,C4,beta,-12.0405
3.908,right_hand,C4,beta,-12.8263
3.924,right_hand,C4,beta,-13.287
3.94,right_hand,C4,beta,-13.4085
3.956,right_hand,C4,beta,-13.1875
3.972,right_hand,C4,beta,-12.6517
3.988,right_hand,C4,beta,-11.8712
